property_id,locality,property_type,bhk,size_sqft,price_lakhs,rent_monthly,availability,possession_year,furnished_status,posted_on
6253,Dadar,Apartment,2,903.05,238.45,39408.0,Ready to move,2025,Unfurnished,2024-05-13 00:00:00
4685,Bandra,Apartment,3,926.21,184.56,16770.0,Ready to move,2026,Furnished,2024-10-23 00:00:00
1732,Malad,Apartment,2,903.37,200.74,30879.0,Ready to move,2024,Semi-Furnished,2024-07-06 00:00:00
4743,Powai,Apartment,4,901.15,185.17,60399.0,Ready to move,2024,Semi-Furnished,2024-07-11 00:00:00
4522,Dadar,Apartment,1,879.23,144.83,51897.0,Ready to move,2024,Semi-Furnished,2024-11-11 00:00:00
6341,Dadar,Apartment,2,673.25,190.09,37412.0,Under construction,2024,Semi-Furnished,2024-07-23 00:00:00
577,Andheri,Villa,2,850.17,168.22,34829.0,Under construction,2025,Furnished,2024-09-04 00:00:00
5203,Goregaon,Apartment,3,943.74,215.46,41323.0,Ready to move,2027,Unfurnished,2024-12-22 00:00:00
6364,Bandra,Apartment,2,880.54,161.28,51926.0,Under construction,2026,Semi-Furnished,2024-08-09 00:00:00
440,Goregaon,Apartment,2,996.6,153.43,56028.0,Ready to move,2025,Furnished,2024-08-27 00:00:00
2751,Goregaon,Apartment,3,888.97,178.08,27569.0,Under construction,2024,Unfurnished,2024-02-06 00:00:00
7488,Juhu,Apartment,3,622.72,198.26,16514.0,Ready to move,2025,Unfurnished,2024-01-02 00:00:00
5273,Goregaon,Apartment,2,1139.37,143.86,15019.0,Ready to move,2025,Semi-Furnished,2024-09-21 00:00:00
5654,Goregaon,Apartment,1,1228.25,163.25,42189.0,Ready to move,2025,Semi-Furnished,2024-10-28 00:00:00
4000,Powai,Villa,2,887.82,108.58,32746.0,Ready to move,2025,Semi-Furnished,2024-03-11 00:00:00
6034,Bandra,Apartment,4,1072.68,115.18,38333.0,Under construction,2025,Furnished,2024-04-20 00:00:00
583,Andheri,Apartment,2,1392.38,119.06,62475.0,Ready to move,2024,Semi-Furnished,2024-09-28 00:00:00
9931,Andheri,Apartment,2,1132.55,150.53,41216.0,Ready to move,2025,Furnished,2024-01-23 00:00:00
7052,Dadar,Villa,1,708.46,108.46,45321.0,Under construction,2025,Furnished,2024-12-18 00:00:00
8159,Andheri,Studio,2,710.19,269.02,36574.0,Ready to move,2024,Furnished,2024-08-26 00:00:00
9897,Goregaon,Apartment,2,734.03,118.61,42923.0,Ready to move,2024,Furnished,2024-07-06 00:00:00
2250,Andheri,Apartment,4,560.87,184.12,57217.0,Under construction,2024,Semi-Furnished,2024-10-09 00:00:00
4641,Malad,Apartment,2,965.43,211.2,29054.0,Ready to move,2025,Furnished,2024-05-31 00:00:00
9486,Juhu,Apartment,3,504.95,115.57,84403.0,Ready to move,2025,Unfurnished,2024-10-28 00:00:00
4948,Kandivali,Apartment,4,1417.11,144.33,10000.0,Ready to move,2024,Unfurnished,2024-10-15 00:00:00
9921,Malad,Apartment,3,471.15,130.1,57077.0,Ready to move,2024,Semi-Furnished,2024-04-03 00:00:00
1964,Powai,Apartment,3,913.02,116.52,62761.0,Under construction,2025,Unfurnished,2024-06-26 00:00:00
8244,Powai,Apartment,1,679.92,148.37,47842.0,Ready to move,2025,Furnished,2024-05-23 00:00:00
6591,Malad,Villa,2,300.0,101.87,37745.0,Ready to move,2025,Unfurnished,2024-11-12 00:00:00
8848,Kandivali,Apartment,1,1062.02,140.66,40589.0,Ready to move,2025,Semi-Furnished,2024-10-16 00:00:00
322,Malad,Apartment,2,668.59,139.95,45456.0,Ready to move,2025,Semi-Furnished,2024-02-25 00:00:00
2679,Goregaon,Studio,1,1225.95,156.77,58542.0,Ready to move,2025,Semi-Furnished,2024-02-05 00:00:00
4626,Borivali,Apartment,1,623.54,130.7,48889.0,Ready to move,2027,Furnished,2024-03-22 00:00:00
4950,Powai,Apartment,3,784.4,137.28,49250.0,Ready to move,2024,Furnished,2024-07-12 00:00:00
8329,Dadar,Apartment,2,1089.43,134.42,38118.0,Ready to move,2026,Furnished,2024-05-02 00:00:00
3338,Kandivali,Apartment,1,778.11,158.72,41026.0,Ready to move,2025,Semi-Furnished,2024-02-04 00:00:00
5590,Juhu,Apartment,2,653.79,57.84,36893.0,Under construction,2025,Furnished,2024-02-06 00:00:00
252,Powai,Apartment,2,1029.77,248.4,43168.0,Ready to move,2024,Furnished,2024-12-23 00:00:00
3974,Vikhroli,Villa,2,1453.61,240.6,37633.0,Ready to move,2024,Semi-Furnished,2024-12-31 00:00:00
6631,Borivali,Apartment,2,518.63,57.8,62438.0,Under construction,2027,Semi-Furnished,2024-03-19 00:00:00
5548,Bandra,Studio,1,1168.91,153.37,43616.0,Ready to move,2024,Unfurnished,2024-01-28 00:00:00
36,Borivali,Apartment,1,812.43,124.98,25323.0,Ready to move,2024,Semi-Furnished,2024-04-23 00:00:00
8363,Bandra,Villa,1,804.78,104.92,34242.0,Ready to move,2025,Semi-Furnished,2024-10-03 00:00:00
1514,Vikhroli,Villa,4,550.25,154.72,53760.0,Under construction,2024,Unfurnished,2024-11-12 00:00:00
9318,Goregaon,Apartment,2,474.53,205.07,20983.0,Ready to move,2024,Furnished,2024-01-01 00:00:00
40,Powai,Apartment,1,508.8,166.6,47687.0,Under construction,2024,Furnished,2024-10-20 00:00:00
4820,Dadar,Apartment,4,1463.19,152.08,41745.0,Ready to move,2026,Furnished,2024-03-03 00:00:00
3466,Bandra,Apartment,1,846.27,129.66,56697.0,Ready to move,2024,Furnished,2024-03-26 00:00:00
1761,Kandivali,Apartment,2,729.25,188.44,64248.0,Under construction,2024,Furnished,2024-08-02 00:00:00
2305,Juhu,Studio,3,662.76,148.47,49649.0,Ready to move,2024,Furnished,2024-07-14 00:00:00
3724,Kandivali,Studio,2,1086.72,116.27,31013.0,Under construction,2026,Semi-Furnished,2024-02-02 00:00:00
8285,Dadar,Apartment,1,1174.97,212.79,33924.0,Ready to move,2025,Semi-Furnished,2024-11-04 00:00:00
4994,Malad,Apartment,3,1131.84,131.53,31213.0,Ready to move,2024,Unfurnished,2024-12-08 00:00:00
8128,Malad,Apartment,4,1118.53,122.51,62783.0,Under construction,2025,Furnished,2024-10-31 00:00:00
3033,Goregaon,Apartment,3,1211.69,146.4,60359.0,Under construction,2024,Semi-Furnished,2024-05-24 00:00:00
7939,Dadar,Apartment,2,1133.41,103.79,45207.0,Ready to move,2026,Unfurnished,2024-06-07 00:00:00
3040,Juhu,Apartment,1,779.26,127.0,36704.0,Ready to move,2024,Furnished,2024-01-16 00:00:00
9656,Andheri,Apartment,2,752.36,225.98,38760.0,Ready to move,2025,Semi-Furnished,2024-01-18 00:00:00
2546,Kandivali,Apartment,2,1066.89,85.22,45678.0,Ready to move,2025,Semi-Furnished,2024-07-18 00:00:00
2593,Vikhroli,Apartment,2,978.8,122.3,33092.0,Ready to move,2027,Furnished,2024-12-22 00:00:00
1189,Malad,Apartment,1,819.75,185.05,55648.0,Ready to move,2026,Furnished,2024-04-19 00:00:00
7967,Powai,Apartment,1,300.0,126.41,46473.0,Under construction,2024,Unfurnished,2024-03-02 00:00:00
6078,Vikhroli,Apartment,2,1310.29,162.13,38809.0,Under construction,2024,Unfurnished,2024-12-16 00:00:00
108,Goregaon,Apartment,2,631.4,164.9,65145.0,Under construction,2026,Unfurnished,2024-12-16 00:00:00
1316,Malad,Villa,3,787.09,98.51,24858.0,Under construction,2026,Semi-Furnished,2024-08-07 00:00:00
8188,Malad,Apartment,1,1153.99,62.88,34548.0,Ready to move,2024,Unfurnished,2024-06-16 00:00:00
2754,Dadar,Villa,1,804.34,75.9,42420.0,Ready to move,2024,Semi-Furnished,2024-08-11 00:00:00
9754,Dadar,Villa,1,1131.36,188.87,85627.0,Ready to move,2024,Furnished,2024-02-12 00:00:00
6232,Bandra,Villa,1,1146.88,186.47,33227.0,Ready to move,2024,Semi-Furnished,2024-06-09 00:00:00
2877,Juhu,Apartment,3,1086.51,129.63,58097.0,Ready to move,2024,Semi-Furnished,2024-10-31 00:00:00
5324,Dadar,Apartment,3,300.0,113.0,38105.0,Ready to move,2024,Furnished,2024-09-02 00:00:00
800,Kandivali,Apartment,3,871.53,110.12,37867.0,Ready to move,2024,Semi-Furnished,2024-10-05 00:00:00
3571,Kandivali,Villa,3,701.31,95.57,47510.0,Ready to move,2024,Unfurnished,2024-06-07 00:00:00
2895,Goregaon,Apartment,1,834.02,140.7,54339.0,Ready to move,2024,Semi-Furnished,2024-08-29 00:00:00
2928,Borivali,Apartment,1,741.02,152.54,50655.0,Ready to move,2025,Furnished,2024-08-30 00:00:00
8179,Kandivali,Apartment,2,1068.15,177.0,63887.0,Ready to move,2025,Furnished,2024-06-05 00:00:00
972,Andheri,Apartment,1,300.0,108.55,47504.0,Under construction,2024,Semi-Furnished,2024-09-10 00:00:00
6688,Goregaon,Apartment,2,382.27,120.91,10000.0,Under construction,2024,Unfurnished,2024-08-27 00:00:00
8576,Powai,Apartment,2,302.95,162.88,48625.0,Ready to move,2024,Unfurnished,2024-02-19 00:00:00
2021,Goregaon,Apartment,2,1001.6,145.25,64264.0,Ready to move,2025,Semi-Furnished,2024-09-23 00:00:00
9055,Malad,Villa,1,418.89,143.59,56842.0,Ready to move,2024,Furnished,2024-09-02 00:00:00
953,Goregaon,Apartment,2,1031.65,125.5,22708.0,Ready to move,2025,Semi-Furnished,2024-10-18 00:00:00
5360,Bandra,Studio,2,1295.85,179.43,43976.0,Ready to move,2024,Semi-Furnished,2024-09-18 00:00:00
3858,Borivali,Studio,2,1280.97,78.65,43936.0,Ready to move,2025,Furnished,2024-10-22 00:00:00
5862,Kandivali,Apartment,1,1121.45,82.53,51512.0,Ready to move,2024,Unfurnished,2024-03-23 00:00:00
3146,Powai,Villa,1,822.87,95.38,52395.0,Ready to move,2024,Furnished,2024-05-20 00:00:00
3306,Andheri,Apartment,1,1508.79,111.98,53595.0,Ready to move,2024,Furnished,2024-04-03 00:00:00
3007,Powai,Studio,1,970.15,130.94,34322.0,Under construction,2025,Semi-Furnished,2024-03-30 00:00:00
9002,Juhu,Villa,1,1403.26,131.86,56269.0,Ready to move,2025,Furnished,2024-07-21 00:00:00
7771,Dadar,Apartment,1,1229.03,135.08,40993.0,Under construction,2026,Semi-Furnished,2024-12-12 00:00:00
7439,Dadar,Apartment,2,903.4,128.41,37167.0,Ready to move,2024,Semi-Furnished,2024-02-01 00:00:00
7943,Borivali,Villa,1,1365.38,130.08,48986.0,Under construction,2024,Semi-Furnished,2024-12-13 00:00:00
9239,Bandra,Villa,2,1433.3,125.89,28578.0,Ready to move,2024,Unfurnished,2024-05-25 00:00:00
1057,Powai,Apartment,1,660.1,196.44,35291.0,Ready to move,2024,Furnished,2024-10-18 00:00:00
3155,Kandivali,Apartment,3,1061.04,145.62,66272.0,Ready to move,2025,Semi-Furnished,2024-10-14 00:00:00
3788,Juhu,Villa,3,1427.54,153.1,70975.0,Ready to move,2025,Semi-Furnished,2024-12-26 00:00:00
9190,Kandivali,Apartment,1,675.58,214.32,68092.0,Ready to move,2025,Furnished,2024-06-14 00:00:00
7826,Borivali,Apartment,2,762.38,154.71,56019.0,Ready to move,2024,Furnished,2024-06-10 00:00:00
7540,Dadar,Apartment,3,1227.85,49.56,49317.0,Ready to move,2024,Semi-Furnished,2024-09-02 00:00:00
7232,Powai,Apartment,2,804.48,250.72,40511.0,Ready to move,2024,Furnished,2024-07-26 00:00:00
765,Vikhroli,Apartment,2,1043.62,100.11,65388.0,Ready to move,2024,Unfurnished,2024-03-26 00:00:00
5020,Bandra,Apartment,3,500.56,91.31,32982.0,Ready to move,2024,Furnished,2024-05-23 00:00:00
4904,Goregaon,Apartment,2,969.52,157.2,16513.0,Ready to move,2025,Furnished,2024-07-01 00:00:00
8094,Goregaon,Apartment,4,394.41,140.04,31633.0,Ready to move,2026,Semi-Furnished,2024-04-16 00:00:00
6844,Juhu,Apartment,2,585.09,64.02,34698.0,Ready to move,2027,Furnished,2024-02-18 00:00:00
2166,Bandra,Apartment,1,615.48,167.69,41320.0,Ready to move,2024,Furnished,2024-11-06 00:00:00
1863,Juhu,Apartment,2,876.7,118.75,49738.0,Under construction,2024,Semi-Furnished,2024-02-25 00:00:00
7851,Malad,Apartment,1,968.29,135.14,47195.0,Ready to move,2024,Semi-Furnished,2024-05-17 00:00:00
9124,Vikhroli,Apartment,3,751.87,201.07,25474.0,Under construction,2026,Semi-Furnished,2024-04-16 00:00:00
2341,Borivali,Studio,2,300.0,165.31,45148.0,Ready to move,2025,Furnished,2024-09-21 00:00:00
5528,Bandra,Apartment,2,1022.51,101.68,46742.0,Ready to move,2024,Unfurnished,2024-03-31 00:00:00
6744,Andheri,Apartment,1,1033.5,228.65,43666.0,Ready to move,2026,Semi-Furnished,2024-05-23 00:00:00
4004,Bandra,Apartment,4,608.88,151.0,64099.0,Ready to move,2024,Unfurnished,2024-09-23 00:00:00
1124,Juhu,Villa,1,1048.35,191.9,49966.0,Ready to move,2024,Furnished,2024-04-15 00:00:00
8710,Borivali,Apartment,2,736.44,139.68,52070.0,Under construction,2025,Furnished,2024-09-26 00:00:00
4050,Powai,Apartment,1,1119.85,112.94,30199.0,Ready to move,2025,Furnished,2024-04-13 00:00:00
7641,Kandivali,Apartment,1,1496.94,206.5,49079.0,Ready to move,2024,Furnished,2024-02-06 00:00:00
766,Kandivali,Studio,3,554.82,172.07,56464.0,Ready to move,2025,Furnished,2024-06-21 00:00:00
2345,Malad,Villa,2,379.18,162.22,45833.0,Ready to move,2025,Semi-Furnished,2024-04-11 00:00:00
4072,Juhu,Apartment,2,1207.16,142.59,52842.0,Ready to move,2026,Furnished,2024-06-28 00:00:00
7217,Bandra,Apartment,2,955.42,157.62,19948.0,Ready to move,2024,Furnished,2024-05-09 00:00:00
4217,Andheri,Villa,2,585.24,194.73,56346.0,Under construction,2025,Furnished,2024-06-12 00:00:00
7953,Powai,Apartment,1,731.79,231.58,51596.0,Ready to move,2024,Unfurnished,2024-08-09 00:00:00
5971,Andheri,Apartment,3,1380.72,56.87,44768.0,Ready to move,2024,Furnished,2024-09-17 00:00:00
3351,Bandra,Apartment,1,1033.48,223.46,46473.0,Under construction,2024,Furnished,2024-04-18 00:00:00
4696,Juhu,Apartment,1,549.46,169.88,51237.0,Ready to move,2025,Semi-Furnished,2024-09-06 00:00:00
3400,Powai,Studio,1,720.8,162.46,60199.0,Ready to move,2026,Furnished,2024-02-02 00:00:00
4082,Goregaon,Apartment,1,738.62,167.5,47549.0,Ready to move,2024,Semi-Furnished,2024-11-01 00:00:00
9150,Borivali,Apartment,3,991.75,136.61,51804.0,Ready to move,2025,Furnished,2024-04-22 00:00:00
1225,Borivali,Villa,2,616.9,160.64,45245.0,Ready to move,2026,Unfurnished,2024-03-07 00:00:00
6293,Malad,Apartment,2,593.59,111.15,51372.0,Ready to move,2027,Unfurnished,2024-07-08 00:00:00
3123,Andheri,Apartment,1,300.0,176.77,42906.0,Under construction,2024,Semi-Furnished,2024-01-30 00:00:00
511,Juhu,Apartment,2,916.91,105.03,46797.0,Ready to move,2024,Unfurnished,2024-02-27 00:00:00
5795,Dadar,Villa,1,1388.49,130.11,49264.0,Ready to move,2024,Furnished,2024-09-10 00:00:00
8182,Vikhroli,Apartment,2,570.65,31.84,51818.0,Ready to move,2024,Unfurnished,2024-06-10 00:00:00
9418,Bandra,Apartment,2,612.85,212.03,49125.0,Ready to move,2024,Unfurnished,2024-04-01 00:00:00
97,Kandivali,Apartment,1,1040.28,120.5,48886.0,Under construction,2024,Furnished,2024-03-12 00:00:00
6682,Dadar,Apartment,1,1370.19,183.19,51231.0,Ready to move,2024,Semi-Furnished,2024-05-11 00:00:00
1513,Dadar,Apartment,2,640.33,185.55,34980.0,Ready to move,2024,Semi-Furnished,2024-06-21 00:00:00
8792,Vikhroli,Studio,2,816.15,204.62,35882.0,Ready to move,2025,Semi-Furnished,2024-08-19 00:00:00
120,Kandivali,Villa,1,1119.49,119.94,48456.0,Under construction,2026,Furnished,2024-12-01 00:00:00
7792,Dadar,Apartment,2,300.0,176.93,42352.0,Under construction,2024,Semi-Furnished,2024-10-10 00:00:00
6518,Goregaon,Villa,3,300.0,101.66,34982.0,Ready to move,2024,Semi-Furnished,2024-03-24 00:00:00
34,Juhu,Studio,3,300.0,141.25,41857.0,Under construction,2026,Semi-Furnished,2024-02-27 00:00:00
7888,Bandra,Apartment,2,544.81,200.6,34566.0,Ready to move,2024,Semi-Furnished,2024-07-19 00:00:00
6831,Goregaon,Studio,2,608.09,152.69,58622.0,Ready to move,2024,Semi-Furnished,2024-04-28 00:00:00
5422,Bandra,Apartment,1,763.78,162.11,48405.0,Ready to move,2026,Semi-Furnished,2024-08-16 00:00:00
1069,Andheri,Villa,4,1221.05,104.81,42998.0,Ready to move,2026,Furnished,2024-03-25 00:00:00
1348,Malad,Apartment,4,706.45,189.55,51715.0,Ready to move,2025,Semi-Furnished,2024-04-25 00:00:00
4748,Goregaon,Villa,1,1207.34,85.35,26228.0,Ready to move,2026,Semi-Furnished,2024-07-06 00:00:00
6006,Andheri,Apartment,3,612.21,109.07,42817.0,Under construction,2025,Furnished,2024-02-04 00:00:00
6040,Powai,Studio,1,684.39,148.87,40721.0,Ready to move,2027,Unfurnished,2024-01-15 00:00:00
3818,Dadar,Apartment,2,490.55,164.13,63470.0,Ready to move,2024,Furnished,2024-03-22 00:00:00
8447,Powai,Studio,1,715.7,118.28,57397.0,Ready to move,2025,Semi-Furnished,2024-05-19 00:00:00
5270,Andheri,Studio,3,1109.04,175.49,43064.0,Ready to move,2025,Unfurnished,2024-05-01 00:00:00
6898,Borivali,Apartment,4,884.94,112.04,31138.0,Ready to move,2024,Furnished,2024-08-30 00:00:00
5310,Powai,Villa,2,1178.96,93.07,61592.0,Ready to move,2025,Furnished,2024-09-12 00:00:00
32,Juhu,Apartment,2,1154.06,162.38,35294.0,Ready to move,2024,Unfurnished,2024-01-20 00:00:00
5675,Kandivali,Apartment,4,1138.78,182.43,29325.0,Ready to move,2026,Furnished,2024-01-15 00:00:00
4387,Vikhroli,Villa,2,715.66,172.01,63570.0,Ready to move,2024,Furnished,2024-10-29 00:00:00
30,Powai,Apartment,3,1115.57,161.36,52884.0,Under construction,2024,Semi-Furnished,2024-09-30 00:00:00
4203,Vikhroli,Apartment,1,1031.29,200.59,30193.0,Ready to move,2025,Semi-Furnished,2024-08-07 00:00:00
7508,Malad,Apartment,3,1595.51,134.92,18965.0,Under construction,2024,Unfurnished,2024-09-05 00:00:00
736,Malad,Apartment,2,502.4,123.67,60701.0,Ready to move,2025,Semi-Furnished,2024-11-15 00:00:00
2068,Borivali,Apartment,1,434.09,211.47,39415.0,Ready to move,2025,Semi-Furnished,2024-06-24 00:00:00
107,Juhu,Apartment,2,580.97,94.99,40824.0,Ready to move,2025,Semi-Furnished,2024-02-18 00:00:00
9645,Malad,Villa,2,597.26,134.05,35197.0,Ready to move,2024,Unfurnished,2024-10-29 00:00:00
8895,Powai,Apartment,3,300.0,71.47,41883.0,Ready to move,2027,Furnished,2024-01-11 00:00:00
8021,Dadar,Apartment,3,1056.95,202.79,33371.0,Ready to move,2025,Furnished,2024-06-05 00:00:00
2233,Bandra,Apartment,2,386.26,130.11,43080.0,Ready to move,2024,Unfurnished,2024-10-19 00:00:00
994,Goregaon,Apartment,1,974.28,239.78,31596.0,Ready to move,2024,Semi-Furnished,2024-03-17 00:00:00
9413,Borivali,Apartment,2,709.36,130.4,35539.0,Ready to move,2026,Unfurnished,2024-01-28 00:00:00
7059,Kandivali,Apartment,1,664.02,195.35,50535.0,Under construction,2024,Unfurnished,2024-02-24 00:00:00
6790,Andheri,Apartment,4,566.85,112.3,42750.0,Under construction,2024,Semi-Furnished,2024-08-20 00:00:00
361,Powai,Villa,3,1042.72,30.0,33666.0,Under construction,2025,Furnished,2024-11-23 00:00:00
305,Juhu,Apartment,2,604.98,206.1,28235.0,Ready to move,2024,Semi-Furnished,2024-10-30 00:00:00
2628,Powai,Apartment,2,811.75,112.38,31505.0,Ready to move,2025,Semi-Furnished,2024-04-23 00:00:00
8966,Juhu,Apartment,3,1107.57,117.76,17091.0,Ready to move,2025,Semi-Furnished,2024-09-01 00:00:00
4514,Juhu,Apartment,1,1455.57,232.16,21304.0,Under construction,2025,Semi-Furnished,2024-05-07 00:00:00
5911,Goregaon,Apartment,2,1234.2,154.3,38320.0,Under construction,2024,Furnished,2024-12-01 00:00:00
8314,Kandivali,Apartment,2,1632.54,105.48,53961.0,Ready to move,2024,Furnished,2024-04-19 00:00:00
3101,Powai,Apartment,1,1241.38,89.35,49271.0,Under construction,2025,Furnished,2024-08-02 00:00:00
5704,Goregaon,Apartment,4,1348.71,82.73,54787.0,Ready to move,2024,Unfurnished,2024-10-23 00:00:00
3899,Bandra,Apartment,2,1246.43,169.09,37027.0,Under construction,2024,Furnished,2024-05-08 00:00:00
5441,Vikhroli,Apartment,1,330.61,87.54,21527.0,Ready to move,2026,Semi-Furnished,2024-05-23 00:00:00
7931,Goregaon,Apartment,2,1023.11,116.92,51010.0,Ready to move,2024,Unfurnished,2024-11-19 00:00:00
622,Dadar,Apartment,1,565.35,162.81,33542.0,Under construction,2024,Semi-Furnished,2024-06-14 00:00:00
7236,Borivali,Apartment,1,744.45,51.86,24680.0,Ready to move,2024,Furnished,2024-02-18 00:00:00
2499,Juhu,Villa,2,892.88,147.57,24003.0,Under construction,2026,Unfurnished,2024-07-06 00:00:00
714,Goregaon,Apartment,1,439.37,207.97,54067.0,Ready to move,2024,Semi-Furnished,2024-04-16 00:00:00
8404,Dadar,Apartment,1,550.85,142.29,69554.0,Under construction,2024,Furnished,2024-11-03 00:00:00
2856,Goregaon,Apartment,2,525.38,74.32,46497.0,Ready to move,2026,Furnished,2024-11-27 00:00:00
4270,Andheri,Studio,1,1019.93,116.89,20266.0,Under construction,2024,Semi-Furnished,2024-06-12 00:00:00
2909,Andheri,Apartment,4,932.7,156.14,59627.0,Ready to move,2025,Semi-Furnished,2024-10-20 00:00:00
8081,Dadar,Villa,1,1447.89,158.97,26401.0,Under construction,2026,Furnished,2024-08-26 00:00:00
4517,Dadar,Apartment,4,845.1,202.2,44230.0,Ready to move,2025,Semi-Furnished,2024-11-08 00:00:00
1262,Kandivali,Apartment,1,411.14,149.16,33335.0,Ready to move,2024,Semi-Furnished,2024-07-05 00:00:00
3161,Bandra,Villa,4,374.95,190.8,27265.0,Ready to move,2025,Furnished,2024-06-23 00:00:00
971,Vikhroli,Apartment,2,1102.62,117.83,38489.0,Ready to move,2024,Furnished,2024-10-13 00:00:00
3913,Bandra,Apartment,4,948.27,211.59,32253.0,Ready to move,2024,Semi-Furnished,2024-01-29 00:00:00
5199,Dadar,Apartment,1,1152.8,172.83,27866.0,Ready to move,2025,Semi-Furnished,2024-08-26 00:00:00
8847,Bandra,Apartment,2,635.86,175.06,65975.0,Ready to move,2025,Furnished,2024-10-13 00:00:00
260,Bandra,Apartment,1,767.24,192.57,28369.0,Under construction,2024,Furnished,2024-12-18 00:00:00
3791,Kandivali,Apartment,4,810.77,193.89,47374.0,Ready to move,2024,Unfurnished,2024-11-15 00:00:00
9203,Malad,Apartment,1,714.4,145.25,19338.0,Ready to move,2025,Furnished,2024-02-10 00:00:00
488,Juhu,Apartment,2,932.47,51.29,49760.0,Ready to move,2024,Semi-Furnished,2024-08-27 00:00:00
7908,Vikhroli,Apartment,2,1267.47,149.4,52104.0,Ready to move,2025,Furnished,2024-08-08 00:00:00
519,Juhu,Apartment,3,1086.21,151.27,33065.0,Ready to move,2024,Semi-Furnished,2024-11-26 00:00:00
8343,Andheri,Apartment,4,756.36,158.49,11693.0,Ready to move,2024,Furnished,2024-11-15 00:00:00
312,Bandra,Studio,1,1351.22,77.45,53681.0,Under construction,2024,Furnished,2024-10-09 00:00:00
3232,Malad,Apartment,2,1035.29,242.5,60132.0,Ready to move,2024,Furnished,2024-01-12 00:00:00
7933,Borivali,Apartment,3,678.44,244.34,53832.0,Under construction,2024,Unfurnished,2024-12-08 00:00:00
7458,Bandra,Apartment,1,684.17,200.41,51762.0,Ready to move,2025,Unfurnished,2024-02-24 00:00:00
9784,Juhu,Apartment,4,632.56,229.33,61606.0,Ready to move,2024,Semi-Furnished,2024-07-22 00:00:00
5184,Goregaon,Apartment,2,909.88,126.3,50596.0,Ready to move,2025,Semi-Furnished,2024-02-19 00:00:00
8077,Goregaon,Studio,2,566.28,186.85,52268.0,Ready to move,2024,Unfurnished,2024-06-25 00:00:00
6502,Goregaon,Studio,3,749.68,118.88,10813.0,Ready to move,2026,Semi-Furnished,2024-10-10 00:00:00
6791,Malad,Apartment,1,698.62,166.77,44680.0,Ready to move,2024,Semi-Furnished,2024-09-30 00:00:00
7773,Powai,Studio,1,750.21,125.89,37226.0,Ready to move,2027,Semi-Furnished,2024-09-01 00:00:00
2738,Bandra,Apartment,2,865.59,74.58,40069.0,Ready to move,2025,Unfurnished,2024-05-18 00:00:00
7842,Juhu,Apartment,3,961.47,179.15,42936.0,Ready to move,2024,Furnished,2024-09-08 00:00:00
6262,Malad,Villa,2,569.52,107.18,35105.0,Ready to move,2024,Unfurnished,2024-03-14 00:00:00
8206,Kandivali,Apartment,3,1126.46,114.12,75259.0,Under construction,2025,Furnished,2024-09-25 00:00:00
1248,Juhu,Studio,2,777.41,203.83,50139.0,Ready to move,2025,Furnished,2024-06-26 00:00:00
9336,Andheri,Apartment,4,588.02,186.07,27832.0,Ready to move,2024,Furnished,2024-09-17 00:00:00
4195,Andheri,Apartment,1,879.19,148.15,51474.0,Ready to move,2024,Furnished,2024-09-07 00:00:00
8001,Malad,Villa,2,692.29,114.96,42700.0,Ready to move,2024,Semi-Furnished,2024-07-12 00:00:00
7378,Borivali,Apartment,1,460.1,229.63,31656.0,Ready to move,2025,Semi-Furnished,2024-02-01 00:00:00
3435,Powai,Villa,1,643.71,273.65,50693.0,Under construction,2024,Semi-Furnished,2024-02-27 00:00:00
5382,Vikhroli,Apartment,2,1011.3,198.42,59869.0,Ready to move,2027,Unfurnished,2024-12-28 00:00:00
959,Powai,Apartment,1,703.97,150.92,32553.0,Ready to move,2024,Unfurnished,2024-03-29 00:00:00
417,Vikhroli,Studio,2,705.01,102.15,48400.0,Ready to move,2025,Furnished,2024-02-20 00:00:00
5742,Juhu,Apartment,4,707.1,163.61,36623.0,Under construction,2024,Semi-Furnished,2024-01-22 00:00:00
6728,Goregaon,Apartment,2,470.21,225.76,63969.0,Ready to move,2025,Furnished,2024-03-23 00:00:00
4382,Andheri,Villa,4,940.36,126.3,44319.0,Ready to move,2027,Furnished,2024-08-06 00:00:00
5197,Dadar,Apartment,2,996.89,80.4,51965.0,Ready to move,2027,Furnished,2024-05-26 00:00:00
1113,Andheri,Apartment,1,866.73,116.66,22108.0,Ready to move,2024,Unfurnished,2024-04-29 00:00:00
2689,Dadar,Apartment,1,1243.58,190.44,12592.0,Ready to move,2026,Furnished,2024-05-18 00:00:00
6473,Goregaon,Apartment,1,737.11,186.37,37316.0,Under construction,2026,Semi-Furnished,2024-01-18 00:00:00
8820,Powai,Studio,2,862.31,244.78,70509.0,Ready to move,2024,Furnished,2024-02-28 00:00:00
7808,Bandra,Apartment,2,656.23,237.88,53253.0,Ready to move,2025,Unfurnished,2024-06-07 00:00:00
3411,Powai,Apartment,1,1000.06,79.81,58590.0,Ready to move,2024,Semi-Furnished,2024-07-14 00:00:00
81,Malad,Apartment,1,618.13,67.46,32327.0,Ready to move,2024,Unfurnished,2024-02-02 00:00:00
4614,Andheri,Villa,3,993.66,197.21,67371.0,Ready to move,2024,Furnished,2024-07-02 00:00:00
1374,Goregaon,Villa,3,857.02,112.77,60200.0,Ready to move,2024,Semi-Furnished,2024-10-28 00:00:00
1510,Vikhroli,Apartment,3,401.6,42.71,70895.0,Ready to move,2024,Furnished,2024-09-03 00:00:00
6443,Malad,Apartment,3,1088.69,95.11,44688.0,Under construction,2025,Unfurnished,2024-11-11 00:00:00
3071,Borivali,Apartment,3,300.0,163.43,51931.0,Ready to move,2025,Semi-Furnished,2024-02-12 00:00:00
3016,Juhu,Apartment,1,808.88,181.53,74679.0,Ready to move,2025,Furnished,2024-12-01 00:00:00
4823,Malad,Villa,2,1174.5,240.32,37592.0,Ready to move,2026,Furnished,2024-02-07 00:00:00
7822,Goregaon,Apartment,2,1049.88,109.29,66652.0,Ready to move,2024,Unfurnished,2024-11-03 00:00:00
93,Borivali,Studio,3,895.83,206.77,32696.0,Ready to move,2025,Unfurnished,2024-09-02 00:00:00
9421,Andheri,Villa,2,596.01,159.87,39475.0,Under construction,2026,Unfurnished,2024-04-25 00:00:00
6600,Borivali,Apartment,1,1056.5,251.03,33936.0,Ready to move,2024,Furnished,2024-08-29 00:00:00
4443,Malad,Apartment,3,1423.5,211.59,48222.0,Ready to move,2024,Unfurnished,2024-09-20 00:00:00
7602,Vikhroli,Apartment,2,560.53,132.74,52818.0,Ready to move,2025,Unfurnished,2024-06-04 00:00:00
3835,Powai,Studio,1,967.44,191.66,26821.0,Ready to move,2025,Semi-Furnished,2024-12-07 00:00:00
9702,Dadar,Villa,3,438.38,215.24,37796.0,Ready to move,2025,Semi-Furnished,2024-01-07 00:00:00
4322,Bandra,Apartment,3,896.21,223.26,22578.0,Ready to move,2024,Semi-Furnished,2024-12-06 00:00:00
3394,Borivali,Apartment,1,671.74,195.42,40019.0,Ready to move,2024,Semi-Furnished,2024-05-31 00:00:00
4752,Bandra,Apartment,2,595.01,206.09,32360.0,Ready to move,2025,Furnished,2024-05-07 00:00:00
7229,Juhu,Apartment,3,1120.64,211.63,29128.0,Ready to move,2025,Furnished,2024-11-10 00:00:00
9191,Dadar,Apartment,2,1396.88,160.53,74553.0,Ready to move,2027,Semi-Furnished,2024-01-22 00:00:00
2361,Borivali,Villa,1,977.79,44.79,57015.0,Ready to move,2024,Unfurnished,2024-01-02 00:00:00
1148,Bandra,Studio,1,886.48,218.92,44867.0,Ready to move,2024,Furnished,2024-03-17 00:00:00
5666,Vikhroli,Villa,2,844.83,238.71,44472.0,Ready to move,2025,Furnished,2024-12-06 00:00:00
8075,Borivali,Apartment,2,1223.68,175.12,42014.0,Ready to move,2024,Semi-Furnished,2024-03-24 00:00:00
4943,Vikhroli,Studio,3,1241.83,196.8,37810.0,Ready to move,2024,Furnished,2024-12-05 00:00:00
3663,Kandivali,Villa,3,679.46,122.13,71957.0,Under construction,2025,Semi-Furnished,2024-10-08 00:00:00
1563,Borivali,Apartment,2,1290.89,167.07,53449.0,Ready to move,2024,Furnished,2024-06-09 00:00:00
4113,Vikhroli,Apartment,2,997.2,185.07,10000.0,Ready to move,2024,Semi-Furnished,2024-09-24 00:00:00
9050,Malad,Villa,3,507.13,192.53,32685.0,Under construction,2024,Furnished,2024-11-10 00:00:00
9276,Kandivali,Apartment,2,1167.54,174.08,46843.0,Ready to move,2024,Semi-Furnished,2024-08-04 00:00:00
8538,Vikhroli,Apartment,1,985.59,150.48,41579.0,Ready to move,2024,Semi-Furnished,2024-10-22 00:00:00
795,Kandivali,Apartment,3,987.89,163.59,44248.0,Ready to move,2025,Furnished,2024-03-12 00:00:00
5854,Malad,Apartment,3,574.73,97.95,64147.0,Under construction,2024,Furnished,2024-11-10 00:00:00
7619,Powai,Apartment,1,877.4,128.35,43667.0,Ready to move,2025,Semi-Furnished,2024-03-11 00:00:00
1594,Dadar,Apartment,1,907.3,108.7,16846.0,Under construction,2026,Furnished,2024-02-20 00:00:00
7418,Dadar,Apartment,2,727.66,83.07,63818.0,Under construction,2024,Furnished,2024-07-26 00:00:00
5267,Dadar,Apartment,2,1078.25,174.75,50511.0,Ready to move,2024,Unfurnished,2024-02-16 00:00:00
7147,Juhu,Apartment,1,1003.95,164.62,37853.0,Ready to move,2025,Semi-Furnished,2024-08-06 00:00:00
89,Goregaon,Apartment,2,1057.55,153.32,20034.0,Under construction,2027,Furnished,2024-11-13 00:00:00
8695,Andheri,Apartment,2,363.66,154.07,33734.0,Ready to move,2025,Semi-Furnished,2024-11-04 00:00:00
9732,Vikhroli,Apartment,4,1126.08,157.34,11597.0,Under construction,2026,Semi-Furnished,2024-02-06 00:00:00
9446,Juhu,Studio,1,1087.18,127.86,45006.0,Ready to move,2024,Furnished,2024-01-25 00:00:00
6754,Andheri,Apartment,2,1335.7,107.69,39841.0,Ready to move,2026,Semi-Furnished,2024-03-13 00:00:00
3502,Dadar,Apartment,1,949.32,139.1,47343.0,Ready to move,2025,Unfurnished,2024-11-11 00:00:00
2234,Goregaon,Apartment,1,888.93,179.48,38637.0,Ready to move,2025,Furnished,2024-02-29 00:00:00
2803,Vikhroli,Apartment,2,892.64,110.76,20376.0,Ready to move,2025,Semi-Furnished,2024-05-28 00:00:00
4424,Bandra,Villa,1,1098.66,150.71,33703.0,Ready to move,2026,Furnished,2024-07-26 00:00:00
5663,Kandivali,Apartment,2,725.87,124.05,47296.0,Ready to move,2024,Furnished,2024-02-28 00:00:00
7170,Powai,Villa,3,717.38,101.69,53978.0,Ready to move,2024,Unfurnished,2024-08-12 00:00:00
8337,Vikhroli,Apartment,1,1016.01,189.16,30797.0,Ready to move,2024,Semi-Furnished,2024-08-23 00:00:00
2148,Goregaon,Apartment,2,1164.36,116.98,20334.0,Ready to move,2026,Furnished,2024-09-04 00:00:00
7969,Borivali,Apartment,2,673.89,140.09,59277.0,Ready to move,2027,Semi-Furnished,2024-04-07 00:00:00
6551,Vikhroli,Villa,3,946.74,107.32,40799.0,Ready to move,2025,Furnished,2024-09-14 00:00:00
7643,Vikhroli,Apartment,2,736.77,79.83,41507.0,Ready to move,2025,Furnished,2024-05-08 00:00:00
6164,Kandivali,Apartment,3,1239.89,279.44,81652.0,Ready to move,2024,Semi-Furnished,2024-01-11 00:00:00
1495,Juhu,Villa,3,718.25,176.98,41969.0,Ready to move,2024,Furnished,2024-11-07 00:00:00
7696,Borivali,Villa,3,824.03,130.96,30823.0,Ready to move,2026,Semi-Furnished,2024-08-31 00:00:00
7094,Kandivali,Apartment,1,922.44,159.12,52682.0,Under construction,2025,Furnished,2024-10-07 00:00:00
1409,Juhu,Villa,1,1130.6,118.58,34843.0,Ready to move,2025,Semi-Furnished,2024-06-11 00:00:00
6691,Dadar,Villa,2,1138.18,95.22,21655.0,Ready to move,2025,Semi-Furnished,2024-04-01 00:00:00
3401,Vikhroli,Studio,2,800.1,86.89,53681.0,Under construction,2024,Unfurnished,2024-01-12 00:00:00
109,Dadar,Apartment,1,300.0,129.98,31859.0,Ready to move,2024,Unfurnished,2024-12-08 00:00:00
5636,Powai,Apartment,2,965.95,206.76,33128.0,Ready to move,2024,Semi-Furnished,2024-09-10 00:00:00
8482,Bandra,Apartment,1,1304.51,134.86,75770.0,Ready to move,2024,Semi-Furnished,2024-12-20 00:00:00
6604,Powai,Villa,2,755.15,131.25,52464.0,Ready to move,2027,Semi-Furnished,2024-11-01 00:00:00
1091,Bandra,Studio,2,1080.7,142.32,47515.0,Ready to move,2024,Semi-Furnished,2024-06-27 00:00:00
5560,Dadar,Apartment,2,684.85,159.72,32360.0,Ready to move,2025,Furnished,2024-02-19 00:00:00
9412,Bandra,Villa,2,479.08,174.12,36643.0,Ready to move,2024,Furnished,2024-06-22 00:00:00
8143,Juhu,Apartment,2,907.04,163.63,59016.0,Ready to move,2024,Furnished,2024-03-08 00:00:00
8664,Kandivali,Apartment,2,1640.02,58.65,53927.0,Ready to move,2027,Furnished,2024-04-20 00:00:00
6596,Borivali,Apartment,1,897.41,199.02,59436.0,Under construction,2025,Furnished,2024-09-25 00:00:00
624,Kandivali,Studio,3,1001.17,113.91,49668.0,Ready to move,2025,Semi-Furnished,2024-04-28 00:00:00
6871,Kandivali,Apartment,1,682.69,94.6,33862.0,Ready to move,2027,Semi-Furnished,2024-08-25 00:00:00
4814,Andheri,Apartment,1,1070.61,99.77,35884.0,Ready to move,2024,Semi-Furnished,2024-03-11 00:00:00
6553,Dadar,Villa,3,1229.0,224.02,51460.0,Ready to move,2024,Semi-Furnished,2024-12-29 00:00:00
7530,Juhu,Villa,2,1096.06,189.41,53211.0,Ready to move,2026,Furnished,2024-03-17 00:00:00
5796,Malad,Apartment,2,1177.04,150.13,27786.0,Ready to move,2025,Furnished,2024-11-26 00:00:00
7437,Bandra,Villa,1,899.48,136.9,38974.0,Ready to move,2024,Furnished,2024-08-05 00:00:00
4218,Malad,Apartment,2,741.52,173.38,60736.0,Ready to move,2024,Semi-Furnished,2024-12-16 00:00:00
5941,Bandra,Villa,4,1511.8,96.13,25362.0,Ready to move,2026,Semi-Furnished,2024-11-11 00:00:00
8501,Vikhroli,Apartment,3,703.51,151.58,63991.0,Ready to move,2024,Unfurnished,2024-08-07 00:00:00
6429,Vikhroli,Villa,1,873.71,160.2,25591.0,Ready to move,2025,Semi-Furnished,2024-05-03 00:00:00
6827,Juhu,Apartment,3,978.31,223.58,26982.0,Ready to move,2024,Semi-Furnished,2024-11-10 00:00:00
4131,Vikhroli,Apartment,1,897.78,98.82,52038.0,Ready to move,2024,Semi-Furnished,2024-01-30 00:00:00
7802,Bandra,Apartment,3,300.0,167.24,20305.0,Ready to move,2024,Furnished,2024-12-10 00:00:00
7754,Powai,Apartment,4,952.34,206.36,24283.0,Ready to move,2024,Semi-Furnished,2024-05-13 00:00:00
4722,Kandivali,Villa,4,381.57,181.42,41508.0,Under construction,2024,Unfurnished,2024-05-27 00:00:00
1651,Dadar,Apartment,3,660.79,161.18,38589.0,Ready to move,2024,Furnished,2024-07-18 00:00:00
4141,Andheri,Apartment,2,1095.16,163.52,10000.0,Ready to move,2024,Unfurnished,2024-03-08 00:00:00
1618,Andheri,Apartment,4,1181.78,154.32,16376.0,Under construction,2025,Unfurnished,2024-05-18 00:00:00
2030,Borivali,Apartment,1,1205.01,136.39,33771.0,Ready to move,2025,Furnished,2024-11-07 00:00:00
8518,Borivali,Apartment,2,562.66,152.73,60192.0,Ready to move,2026,Unfurnished,2024-01-25 00:00:00
4576,Dadar,Apartment,3,810.35,76.14,37161.0,Ready to move,2024,Furnished,2024-06-10 00:00:00
3993,Goregaon,Apartment,1,1045.28,186.74,42802.0,Ready to move,2024,Unfurnished,2024-10-12 00:00:00
7377,Vikhroli,Apartment,2,460.65,143.15,28768.0,Ready to move,2026,Furnished,2024-09-25 00:00:00
6150,Kandivali,Apartment,2,1183.9,173.72,56849.0,Ready to move,2025,Furnished,2024-09-27 00:00:00
4909,Powai,Apartment,3,1244.96,185.03,55296.0,Ready to move,2024,Semi-Furnished,2024-09-27 00:00:00
5027,Kandivali,Apartment,3,671.16,162.0,43800.0,Under construction,2024,Semi-Furnished,2024-09-26 00:00:00
8261,Borivali,Apartment,3,927.15,121.87,39012.0,Ready to move,2024,Furnished,2024-11-22 00:00:00
4732,Vikhroli,Apartment,3,439.07,129.46,65254.0,Under construction,2026,Unfurnished,2024-01-09 00:00:00
7549,Kandivali,Apartment,2,951.88,135.33,45382.0,Ready to move,2024,Semi-Furnished,2024-05-11 00:00:00
8135,Borivali,Villa,2,739.23,202.76,33194.0,Ready to move,2024,Semi-Furnished,2024-01-06 00:00:00
1607,Dadar,Villa,2,932.82,178.69,62935.0,Ready to move,2025,Semi-Furnished,2024-03-05 00:00:00
4774,Goregaon,Apartment,2,778.28,101.35,27253.0,Ready to move,2024,Semi-Furnished,2024-09-06 00:00:00
8110,Dadar,Apartment,4,509.72,175.75,55103.0,Ready to move,2026,Furnished,2024-05-14 00:00:00
6952,Juhu,Studio,2,1103.99,159.52,45015.0,Ready to move,2026,Semi-Furnished,2024-03-28 00:00:00
6005,Bandra,Villa,1,840.92,144.63,41116.0,Ready to move,2025,Furnished,2024-04-13 00:00:00
7729,Goregaon,Apartment,2,1057.11,121.73,65044.0,Ready to move,2024,Unfurnished,2024-01-15 00:00:00
3542,Bandra,Apartment,3,1435.28,162.75,46591.0,Ready to move,2024,Unfurnished,2024-12-23 00:00:00
389,Borivali,Apartment,1,1379.46,105.61,60056.0,Ready to move,2024,Furnished,2024-09-28 00:00:00
1795,Bandra,Villa,2,1392.47,123.94,27260.0,Ready to move,2025,Unfurnished,2024-01-07 00:00:00
8732,Kandivali,Apartment,1,981.79,103.21,65111.0,Ready to move,2024,Semi-Furnished,2024-06-08 00:00:00
4920,Powai,Villa,3,322.49,111.87,34329.0,Ready to move,2025,Semi-Furnished,2024-10-27 00:00:00
5538,Goregaon,Villa,2,1300.41,185.19,46668.0,Ready to move,2024,Semi-Furnished,2024-01-07 00:00:00
3873,Vikhroli,Villa,2,1177.47,126.73,38475.0,Ready to move,2024,Semi-Furnished,2024-10-26 00:00:00
8869,Vikhroli,Apartment,3,693.95,110.18,38646.0,Ready to move,2024,Semi-Furnished,2024-11-10 00:00:00
2255,Borivali,Apartment,2,980.84,118.28,48700.0,Ready to move,2025,Unfurnished,2024-04-08 00:00:00
3413,Vikhroli,Apartment,1,866.95,102.91,44626.0,Ready to move,2024,Furnished,2024-03-09 00:00:00
5460,Goregaon,Apartment,1,558.89,183.58,62138.0,Ready to move,2024,Unfurnished,2024-05-14 00:00:00
4956,Dadar,Apartment,2,537.99,218.16,34377.0,Ready to move,2025,Unfurnished,2024-12-08 00:00:00
7397,Bandra,Villa,4,348.76,74.99,67889.0,Ready to move,2024,Semi-Furnished,2024-05-13 00:00:00
5415,Bandra,Apartment,4,1045.76,129.01,61741.0,Ready to move,2025,Semi-Furnished,2024-09-04 00:00:00
7400,Bandra,Apartment,3,906.9,135.11,11850.0,Ready to move,2024,Semi-Furnished,2024-09-25 00:00:00
7415,Vikhroli,Studio,2,1061.23,161.85,54928.0,Under construction,2026,Furnished,2024-01-26 00:00:00
9101,Goregaon,Apartment,3,743.28,163.95,35008.0,Ready to move,2026,Furnished,2024-05-14 00:00:00
4852,Bandra,Apartment,2,591.36,103.51,35762.0,Ready to move,2024,Furnished,2024-10-08 00:00:00
2026,Powai,Villa,3,936.77,215.7,65269.0,Under construction,2026,Semi-Furnished,2024-06-28 00:00:00
2616,Goregaon,Apartment,3,505.82,110.45,75637.0,Ready to move,2027,Furnished,2024-12-14 00:00:00
7389,Borivali,Apartment,2,938.21,91.12,59420.0,Under construction,2024,Unfurnished,2024-12-23 00:00:00
2927,Goregaon,Apartment,3,836.15,109.38,34013.0,Under construction,2024,Semi-Furnished,2024-12-30 00:00:00
1122,Borivali,Apartment,3,501.15,123.52,85261.0,Ready to move,2026,Semi-Furnished,2024-10-01 00:00:00
2911,Powai,Apartment,2,926.57,165.13,53322.0,Ready to move,2025,Unfurnished,2024-11-02 00:00:00
8147,Juhu,Studio,1,649.57,154.27,40006.0,Ready to move,2026,Semi-Furnished,2024-04-17 00:00:00
7384,Andheri,Studio,3,864.08,81.46,42090.0,Ready to move,2024,Unfurnished,2024-02-07 00:00:00
3483,Andheri,Apartment,1,1140.62,185.42,42673.0,Under construction,2024,Furnished,2024-07-06 00:00:00
796,Malad,Villa,3,1364.96,143.24,60150.0,Under construction,2025,Furnished,2024-06-09 00:00:00
1576,Andheri,Apartment,1,1215.06,177.46,47017.0,Ready to move,2026,Semi-Furnished,2024-12-19 00:00:00
6177,Andheri,Apartment,3,738.03,90.43,35950.0,Ready to move,2024,Semi-Furnished,2024-09-22 00:00:00
6267,Dadar,Studio,3,1183.89,159.32,52753.0,Ready to move,2025,Unfurnished,2024-12-18 00:00:00
2459,Vikhroli,Apartment,1,332.22,168.26,56826.0,Ready to move,2025,Semi-Furnished,2024-12-23 00:00:00
3313,Juhu,Studio,2,686.9,131.34,34003.0,Ready to move,2024,Semi-Furnished,2024-04-05 00:00:00
1254,Vikhroli,Apartment,4,882.87,251.6,29665.0,Ready to move,2026,Unfurnished,2024-08-20 00:00:00
6835,Malad,Apartment,2,816.44,121.49,40438.0,Ready to move,2024,Unfurnished,2024-09-24 00:00:00
8795,Andheri,Villa,2,693.62,149.86,24114.0,Ready to move,2026,Furnished,2024-01-24 00:00:00
3838,Malad,Apartment,2,470.66,230.84,46814.0,Ready to move,2025,Semi-Furnished,2024-09-06 00:00:00
4399,Malad,Apartment,3,1079.69,192.77,34135.0,Ready to move,2024,Semi-Furnished,2024-09-16 00:00:00
3596,Powai,Apartment,2,567.98,73.26,53662.0,Ready to move,2024,Semi-Furnished,2024-06-10 00:00:00
6622,Vikhroli,Studio,2,1369.36,152.38,55626.0,Ready to move,2025,Unfurnished,2024-04-09 00:00:00
8383,Andheri,Apartment,2,674.16,158.46,53977.0,Ready to move,2026,Semi-Furnished,2024-06-30 00:00:00
2125,Bandra,Villa,2,682.52,126.08,42879.0,Ready to move,2024,Unfurnished,2024-07-07 00:00:00
3239,Goregaon,Apartment,1,1376.21,158.79,28948.0,Under construction,2024,Semi-Furnished,2024-09-11 00:00:00
5404,Malad,Apartment,3,549.04,202.46,34770.0,Under construction,2025,Furnished,2024-12-03 00:00:00
5999,Goregaon,Villa,2,1043.09,153.54,56613.0,Ready to move,2025,Unfurnished,2024-04-13 00:00:00
5939,Juhu,Villa,2,760.42,247.73,64644.0,Ready to move,2024,Semi-Furnished,2024-09-15 00:00:00
2046,Juhu,Apartment,3,1304.03,123.24,54427.0,Ready to move,2024,Furnished,2024-07-06 00:00:00
1579,Kandivali,Apartment,3,611.27,146.46,15554.0,Ready to move,2024,Semi-Furnished,2024-09-22 00:00:00
15,Dadar,Apartment,3,902.73,107.41,51567.0,Ready to move,2025,Furnished,2024-02-13 00:00:00
2674,Bandra,Studio,1,732.81,215.91,37064.0,Ready to move,2024,Semi-Furnished,2024-03-16 00:00:00
7017,Dadar,Villa,3,923.4,207.46,36064.0,Ready to move,2024,Furnished,2024-03-24 00:00:00
8721,Vikhroli,Villa,2,422.95,190.37,52525.0,Ready to move,2024,Semi-Furnished,2024-11-09 00:00:00
8850,Powai,Villa,3,604.48,174.59,54493.0,Ready to move,2025,Furnished,2024-11-12 00:00:00
4813,Dadar,Apartment,1,1131.48,92.59,36057.0,Ready to move,2026,Semi-Furnished,2024-01-28 00:00:00
1085,Goregaon,Apartment,2,570.47,195.54,40568.0,Ready to move,2026,Furnished,2024-10-04 00:00:00
4984,Andheri,Apartment,2,366.83,138.04,35892.0,Ready to move,2025,Furnished,2024-04-02 00:00:00
7156,Vikhroli,Apartment,3,875.26,64.84,59810.0,Under construction,2024,Semi-Furnished,2024-12-13 00:00:00
2885,Goregaon,Apartment,4,714.87,167.02,62454.0,Ready to move,2026,Semi-Furnished,2024-07-28 00:00:00
334,Malad,Apartment,3,537.89,65.2,47025.0,Under construction,2026,Furnished,2024-05-16 00:00:00
7205,Borivali,Studio,2,1152.96,193.14,63099.0,Ready to move,2024,Semi-Furnished,2024-10-23 00:00:00
4368,Bandra,Apartment,1,1547.52,31.01,34605.0,Ready to move,2024,Semi-Furnished,2024-12-25 00:00:00
3080,Andheri,Apartment,1,320.03,167.79,49493.0,Ready to move,2025,Furnished,2024-06-07 00:00:00
7204,Bandra,Apartment,2,1183.9,154.13,28887.0,Ready to move,2025,Unfurnished,2024-02-24 00:00:00
9910,Malad,Apartment,2,707.39,79.12,24202.0,Under construction,2025,Semi-Furnished,2024-08-18 00:00:00
8865,Andheri,Villa,3,1259.76,168.55,51709.0,Under construction,2027,Semi-Furnished,2024-10-31 00:00:00
264,Juhu,Apartment,2,939.21,30.0,34076.0,Ready to move,2026,Unfurnished,2024-10-01 00:00:00
4338,Andheri,Studio,1,621.32,148.88,54422.0,Ready to move,2024,Furnished,2024-03-05 00:00:00
8896,Bandra,Apartment,3,893.53,189.16,46163.0,Ready to move,2025,Semi-Furnished,2024-11-18 00:00:00
8448,Kandivali,Apartment,3,757.77,164.09,39008.0,Under construction,2024,Unfurnished,2024-09-14 00:00:00
5904,Dadar,Villa,2,851.46,152.87,44002.0,Ready to move,2024,Semi-Furnished,2024-08-28 00:00:00
1499,Bandra,Apartment,2,959.98,148.09,21974.0,Under construction,2024,Semi-Furnished,2024-06-23 00:00:00
4191,Powai,Apartment,2,647.12,114.6,51534.0,Ready to move,2024,Semi-Furnished,2024-07-07 00:00:00
7486,Andheri,Apartment,1,734.65,177.85,57213.0,Ready to move,2024,Semi-Furnished,2024-07-09 00:00:00
9644,Andheri,Apartment,3,476.32,30.0,45026.0,Ready to move,2024,Semi-Furnished,2024-01-19 00:00:00
8311,Malad,Apartment,4,938.01,132.08,35928.0,Under construction,2026,Furnished,2024-09-23 00:00:00
7591,Andheri,Apartment,3,806.96,279.93,64038.0,Ready to move,2025,Semi-Furnished,2024-10-18 00:00:00
501,Kandivali,Apartment,2,703.2,190.95,76213.0,Under construction,2024,Semi-Furnished,2024-01-24 00:00:00
9156,Andheri,Apartment,2,1205.1,38.17,31115.0,Under construction,2024,Furnished,2024-04-01 00:00:00
9415,Kandivali,Apartment,4,1007.83,156.59,36760.0,Ready to move,2024,Furnished,2024-06-07 00:00:00
3096,Vikhroli,Apartment,2,1166.2,210.74,72979.0,Under construction,2024,Semi-Furnished,2024-10-20 00:00:00
4632,Juhu,Apartment,4,627.18,124.96,50142.0,Ready to move,2025,Semi-Furnished,2024-09-26 00:00:00
368,Borivali,Apartment,1,1070.47,118.64,53528.0,Ready to move,2025,Furnished,2024-08-21 00:00:00
4059,Kandivali,Apartment,3,974.59,155.41,52689.0,Ready to move,2025,Furnished,2024-06-10 00:00:00
8175,Kandivali,Apartment,1,543.31,161.69,66592.0,Ready to move,2025,Semi-Furnished,2024-04-12 00:00:00
4631,Andheri,Apartment,2,480.2,161.79,55429.0,Under construction,2027,Furnished,2024-12-22 00:00:00
6071,Bandra,Apartment,2,497.24,152.34,57522.0,Ready to move,2026,Furnished,2024-01-06 00:00:00
2665,Borivali,Apartment,1,1214.82,106.7,46460.0,Ready to move,2025,Furnished,2024-03-11 00:00:00
1027,Andheri,Apartment,1,838.41,152.97,59672.0,Ready to move,2024,Semi-Furnished,2024-10-19 00:00:00
5909,Andheri,Apartment,2,881.79,133.96,10889.0,Ready to move,2025,Furnished,2024-02-21 00:00:00
5051,Malad,Apartment,3,704.11,167.21,25670.0,Ready to move,2024,Semi-Furnished,2024-06-02 00:00:00
6329,Borivali,Apartment,2,825.35,173.1,47233.0,Ready to move,2025,Semi-Furnished,2024-12-30 00:00:00
9734,Powai,Villa,1,569.07,138.37,58841.0,Ready to move,2025,Semi-Furnished,2024-07-05 00:00:00
1692,Powai,Apartment,1,954.22,59.65,23282.0,Under construction,2025,Unfurnished,2024-03-20 00:00:00
674,Kandivali,Apartment,2,1039.2,132.46,25068.0,Ready to move,2024,Furnished,2024-09-07 00:00:00
5573,Kandivali,Apartment,2,690.59,240.58,30409.0,Ready to move,2026,Semi-Furnished,2024-07-21 00:00:00
5767,Malad,Studio,4,1069.72,138.38,58994.0,Ready to move,2026,Semi-Furnished,2024-11-28 00:00:00
5157,Powai,Apartment,1,897.95,137.72,15524.0,Ready to move,2025,Unfurnished,2024-05-29 00:00:00
734,Kandivali,Apartment,3,777.92,155.9,66296.0,Ready to move,2024,Semi-Furnished,2024-08-02 00:00:00
3527,Bandra,Apartment,1,623.4,175.43,40530.0,Ready to move,2024,Unfurnished,2024-08-04 00:00:00
569,Malad,Apartment,1,300.0,165.66,30236.0,Ready to move,2027,Furnished,2024-04-24 00:00:00
9188,Goregaon,Apartment,3,847.95,162.07,35464.0,Under construction,2025,Furnished,2024-06-06 00:00:00
2923,Borivali,Villa,1,331.31,249.26,35905.0,Ready to move,2024,Furnished,2024-05-27 00:00:00
7912,Malad,Apartment,3,647.63,80.03,31566.0,Ready to move,2024,Furnished,2024-12-10 00:00:00
1559,Bandra,Studio,4,671.84,203.35,36927.0,Ready to move,2025,Furnished,2024-01-24 00:00:00
102,Andheri,Apartment,4,655.52,132.39,21950.0,Ready to move,2024,Furnished,2024-07-12 00:00:00
3008,Juhu,Villa,3,669.08,184.4,29858.0,Ready to move,2024,Furnished,2024-05-07 00:00:00
7202,Bandra,Apartment,1,1124.35,99.23,38112.0,Ready to move,2025,Semi-Furnished,2024-09-08 00:00:00
304,Borivali,Apartment,3,869.05,208.72,34473.0,Ready to move,2025,Semi-Furnished,2024-08-22 00:00:00
77,Kandivali,Villa,3,1204.1,147.9,40197.0,Ready to move,2024,Semi-Furnished,2024-03-18 00:00:00
6755,Vikhroli,Studio,4,910.49,192.53,74086.0,Ready to move,2024,Furnished,2024-07-13 00:00:00
8630,Juhu,Villa,2,1010.67,99.27,51105.0,Ready to move,2024,Furnished,2024-10-28 00:00:00
1209,Kandivali,Apartment,3,637.29,199.37,40924.0,Ready to move,2026,Semi-Furnished,2024-10-30 00:00:00
7743,Malad,Apartment,1,408.7,244.06,50307.0,Ready to move,2026,Furnished,2024-05-30 00:00:00
8215,Malad,Apartment,3,829.7,197.02,57284.0,Ready to move,2024,Furnished,2024-08-07 00:00:00
8945,Andheri,Apartment,2,695.76,233.32,70727.0,Ready to move,2025,Furnished,2024-04-06 00:00:00
8414,Vikhroli,Apartment,2,578.76,146.91,44301.0,Ready to move,2024,Semi-Furnished,2024-03-04 00:00:00
1776,Kandivali,Apartment,2,830.72,126.63,47959.0,Ready to move,2024,Semi-Furnished,2024-09-13 00:00:00
3474,Vikhroli,Apartment,2,1474.84,30.0,65908.0,Ready to move,2024,Unfurnished,2024-01-29 00:00:00
484,Kandivali,Apartment,1,860.4,30.0,68412.0,Ready to move,2026,Unfurnished,2024-02-18 00:00:00
2190,Malad,Villa,2,1004.24,128.03,49852.0,Ready to move,2026,Furnished,2024-04-09 00:00:00
347,Juhu,Villa,1,902.8,147.75,54855.0,Ready to move,2025,Semi-Furnished,2024-08-13 00:00:00
5482,Andheri,Apartment,4,1147.55,143.38,59099.0,Ready to move,2025,Semi-Furnished,2024-03-25 00:00:00
8362,Kandivali,Apartment,2,1178.42,153.32,15266.0,Ready to move,2025,Semi-Furnished,2024-03-24 00:00:00
1473,Borivali,Apartment,1,766.6,170.44,31885.0,Ready to move,2026,Semi-Furnished,2024-10-10 00:00:00
5101,Dadar,Apartment,2,600.0,84.69,35266.0,Ready to move,2024,Furnished,2024-11-19 00:00:00
6766,Malad,Apartment,1,1022.09,219.05,47258.0,Ready to move,2026,Furnished,2024-02-16 00:00:00
8707,Powai,Apartment,2,960.45,97.65,36434.0,Ready to move,2024,Furnished,2024-04-18 00:00:00
4930,Kandivali,Apartment,2,767.76,49.76,67594.0,Ready to move,2025,Furnished,2024-03-02 00:00:00
6330,Bandra,Villa,3,849.69,225.01,44745.0,Under construction,2025,Furnished,2024-07-07 00:00:00
2610,Bandra,Villa,3,668.01,190.79,43799.0,Under construction,2025,Furnished,2024-01-12 00:00:00
4,Borivali,Studio,3,889.52,126.44,50435.0,Ready to move,2025,Furnished,2024-07-07 00:00:00
2214,Borivali,Apartment,4,963.01,133.39,17512.0,Ready to move,2025,Semi-Furnished,2024-05-11 00:00:00
4828,Vikhroli,Apartment,1,1027.83,169.34,38295.0,Ready to move,2026,Furnished,2024-02-29 00:00:00
857,Goregaon,Apartment,3,1166.47,181.18,47368.0,Ready to move,2025,Furnished,2024-06-11 00:00:00
6978,Malad,Apartment,4,1067.86,215.08,60964.0,Ready to move,2024,Semi-Furnished,2024-07-05 00:00:00
5886,Borivali,Villa,4,494.9,239.74,38356.0,Ready to move,2024,Semi-Furnished,2024-12-24 00:00:00
625,Andheri,Villa,3,931.93,287.89,48455.0,Ready to move,2024,Semi-Furnished,2024-11-27 00:00:00
291,Borivali,Apartment,2,908.83,145.73,18834.0,Ready to move,2024,Unfurnished,2024-05-05 00:00:00
2019,Juhu,Apartment,1,850.52,110.31,51544.0,Ready to move,2025,Semi-Furnished,2024-12-22 00:00:00
669,Vikhroli,Apartment,3,1262.22,161.78,37649.0,Under construction,2024,Semi-Furnished,2024-05-25 00:00:00
8922,Kandivali,Apartment,4,596.94,181.56,56567.0,Under construction,2025,Semi-Furnished,2024-01-20 00:00:00
8265,Malad,Villa,4,1091.13,199.35,51716.0,Ready to move,2024,Furnished,2024-09-10 00:00:00
9697,Andheri,Apartment,1,613.99,223.33,56040.0,Ready to move,2025,Furnished,2024-01-03 00:00:00
1632,Andheri,Villa,1,377.97,44.85,50334.0,Under construction,2024,Semi-Furnished,2024-12-31 00:00:00
5171,Juhu,Studio,1,1082.31,187.4,54240.0,Ready to move,2027,Furnished,2024-06-01 00:00:00
7206,Powai,Villa,3,971.76,159.18,52986.0,Ready to move,2024,Semi-Furnished,2024-07-23 00:00:00
2523,Powai,Apartment,1,839.98,155.52,30533.0,Ready to move,2025,Furnished,2024-01-05 00:00:00
2216,Bandra,Apartment,1,731.36,190.34,37354.0,Under construction,2024,Unfurnished,2024-01-06 00:00:00
6969,Malad,Apartment,1,1856.37,154.4,53158.0,Under construction,2024,Furnished,2024-06-17 00:00:00
6497,Dadar,Apartment,2,1052.63,123.01,72417.0,Ready to move,2024,Furnished,2024-10-18 00:00:00
6214,Powai,Apartment,1,300.0,195.76,12946.0,Ready to move,2025,Furnished,2024-01-05 00:00:00
7033,Goregaon,Apartment,2,412.55,172.78,34547.0,Ready to move,2024,Unfurnished,2024-02-28 00:00:00
7421,Malad,Apartment,1,1042.06,96.39,32046.0,Ready to move,2024,Semi-Furnished,2024-07-15 00:00:00
1108,Malad,Villa,1,1068.13,248.77,48943.0,Ready to move,2025,Furnished,2024-08-21 00:00:00
451,Borivali,Apartment,2,883.45,170.96,43029.0,Ready to move,2025,Furnished,2024-09-16 00:00:00
6290,Juhu,Apartment,1,872.61,178.27,58617.0,Ready to move,2026,Furnished,2024-12-11 00:00:00
9967,Dadar,Apartment,4,1069.6,126.88,69286.0,Ready to move,2027,Semi-Furnished,2024-09-24 00:00:00
136,Vikhroli,Apartment,2,531.73,87.7,10000.0,Ready to move,2025,Semi-Furnished,2024-12-23 00:00:00
1786,Borivali,Apartment,2,692.55,123.27,53162.0,Ready to move,2024,Semi-Furnished,2024-01-23 00:00:00
3405,Dadar,Studio,2,300.0,179.49,56307.0,Ready to move,2026,Semi-Furnished,2024-10-23 00:00:00
2907,Dadar,Apartment,4,1185.17,30.0,48873.0,Under construction,2026,Unfurnished,2024-07-14 00:00:00
8305,Bandra,Villa,2,1146.57,151.31,29321.0,Ready to move,2024,Unfurnished,2024-07-30 00:00:00
7493,Dadar,Apartment,2,1122.83,151.37,35107.0,Under construction,2025,Semi-Furnished,2024-05-31 00:00:00
6101,Bandra,Apartment,4,616.4,199.23,70927.0,Ready to move,2024,Furnished,2024-09-11 00:00:00
4505,Malad,Apartment,3,681.11,236.65,23793.0,Ready to move,2025,Furnished,2024-06-08 00:00:00
5054,Vikhroli,Apartment,1,948.95,180.7,74112.0,Ready to move,2024,Semi-Furnished,2024-05-23 00:00:00
5206,Powai,Villa,2,376.62,162.26,27280.0,Ready to move,2024,Semi-Furnished,2024-09-12 00:00:00
4081,Malad,Apartment,3,713.03,112.58,44082.0,Ready to move,2025,Furnished,2024-07-16 00:00:00
6919,Malad,Studio,4,936.95,211.16,30868.0,Under construction,2024,Semi-Furnished,2024-02-09 00:00:00
6803,Andheri,Apartment,2,506.13,170.61,60412.0,Under construction,2026,Furnished,2024-09-14 00:00:00
5207,Malad,Villa,2,535.85,162.08,58396.0,Under construction,2025,Unfurnished,2024-01-31 00:00:00
533,Borivali,Apartment,3,337.83,186.5,35850.0,Under construction,2025,Furnished,2024-03-31 00:00:00
4831,Dadar,Apartment,1,857.76,50.02,41011.0,Ready to move,2025,Unfurnished,2024-02-15 00:00:00
4039,Vikhroli,Apartment,2,1063.82,155.75,32521.0,Ready to move,2024,Furnished,2024-10-06 00:00:00
4085,Borivali,Villa,2,300.0,130.79,36395.0,Ready to move,2024,Furnished,2024-07-06 00:00:00
3205,Kandivali,Studio,4,809.9,146.12,43993.0,Under construction,2024,Semi-Furnished,2024-01-07 00:00:00
7111,Vikhroli,Apartment,4,300.0,200.9,46438.0,Ready to move,2025,Furnished,2024-04-18 00:00:00
331,Dadar,Villa,2,646.02,233.5,44162.0,Ready to move,2024,Semi-Furnished,2024-11-24 00:00:00
4958,Malad,Apartment,2,649.84,161.34,33944.0,Ready to move,2026,Semi-Furnished,2024-10-17 00:00:00
3034,Andheri,Apartment,1,723.97,155.36,35912.0,Under construction,2024,Semi-Furnished,2024-11-28 00:00:00
7685,Vikhroli,Villa,2,867.75,170.68,38931.0,Ready to move,2024,Furnished,2024-01-30 00:00:00
1598,Kandivali,Villa,3,787.01,170.45,36383.0,Ready to move,2025,Furnished,2024-08-23 00:00:00
9920,Malad,Villa,2,648.21,119.55,26597.0,Ready to move,2025,Furnished,2024-09-14 00:00:00
3598,Borivali,Apartment,1,819.53,138.0,25556.0,Ready to move,2024,Semi-Furnished,2024-09-16 00:00:00
9039,Bandra,Studio,4,1349.98,219.05,49317.0,Ready to move,2024,Furnished,2024-03-25 00:00:00
8002,Powai,Apartment,3,821.34,114.66,43681.0,Ready to move,2024,Unfurnished,2024-07-23 00:00:00
591,Borivali,Apartment,3,541.02,176.75,57324.0,Ready to move,2025,Unfurnished,2024-04-02 00:00:00
648,Kandivali,Apartment,4,482.51,151.28,44514.0,Ready to move,2024,Semi-Furnished,2024-08-08 00:00:00
9103,Kandivali,Apartment,2,1231.42,117.99,28995.0,Ready to move,2024,Furnished,2024-05-14 00:00:00
8016,Kandivali,Apartment,3,864.77,259.67,78927.0,Ready to move,2024,Semi-Furnished,2024-07-22 00:00:00
3772,Bandra,Apartment,1,654.96,188.5,44348.0,Ready to move,2024,Furnished,2024-07-03 00:00:00
9040,Juhu,Villa,2,427.95,90.31,45772.0,Under construction,2025,Furnished,2024-03-06 00:00:00
5083,Bandra,Studio,2,1154.75,112.58,50062.0,Ready to move,2025,Unfurnished,2024-01-14 00:00:00
7883,Dadar,Apartment,2,887.05,115.31,40009.0,Ready to move,2024,Unfurnished,2024-09-14 00:00:00
9363,Dadar,Apartment,4,966.96,180.22,38315.0,Under construction,2026,Furnished,2024-02-22 00:00:00
4211,Borivali,Apartment,4,928.81,113.48,53150.0,Ready to move,2024,Unfurnished,2024-10-19 00:00:00
8835,Kandivali,Villa,3,511.39,138.1,61860.0,Ready to move,2025,Semi-Furnished,2024-08-30 00:00:00
8700,Borivali,Apartment,1,1301.65,156.28,44610.0,Ready to move,2026,Semi-Furnished,2024-08-10 00:00:00
1796,Kandivali,Apartment,2,903.58,138.58,54799.0,Ready to move,2024,Semi-Furnished,2024-09-01 00:00:00
2587,Dadar,Apartment,2,536.0,126.5,51730.0,Ready to move,2024,Semi-Furnished,2024-10-18 00:00:00
8356,Dadar,Apartment,2,903.97,101.8,39701.0,Ready to move,2024,Unfurnished,2024-06-24 00:00:00
2317,Powai,Apartment,3,800.45,209.57,56299.0,Ready to move,2026,Unfurnished,2024-02-15 00:00:00
4186,Juhu,Apartment,2,705.37,131.62,71632.0,Ready to move,2025,Furnished,2024-09-02 00:00:00
8828,Goregaon,Apartment,1,862.94,137.63,24151.0,Under construction,2027,Unfurnished,2024-05-16 00:00:00
7073,Dadar,Apartment,2,380.78,135.92,10000.0,Ready to move,2025,Furnished,2024-02-27 00:00:00
5235,Juhu,Apartment,3,956.81,102.34,29272.0,Ready to move,2024,Furnished,2024-02-23 00:00:00
8744,Borivali,Studio,2,300.0,122.26,69793.0,Ready to move,2024,Semi-Furnished,2024-07-23 00:00:00
8671,Vikhroli,Apartment,2,1040.4,183.72,47062.0,Under construction,2026,Furnished,2024-07-28 00:00:00
4769,Andheri,Studio,1,1069.87,175.41,51571.0,Under construction,2024,Furnished,2024-10-20 00:00:00
9973,Goregaon,Apartment,3,300.0,141.44,48732.0,Ready to move,2027,Semi-Furnished,2024-02-14 00:00:00
7145,Andheri,Apartment,1,970.42,68.1,49450.0,Ready to move,2024,Unfurnished,2024-09-18 00:00:00
2914,Malad,Apartment,2,774.48,85.76,45071.0,Ready to move,2024,Unfurnished,2024-01-18 00:00:00
9872,Vikhroli,Apartment,4,797.89,113.82,68753.0,Ready to move,2024,Furnished,2024-07-19 00:00:00
9894,Vikhroli,Apartment,2,764.49,218.54,33059.0,Ready to move,2025,Semi-Furnished,2024-06-25 00:00:00
2076,Dadar,Apartment,3,1185.0,138.52,62717.0,Ready to move,2024,Furnished,2024-03-10 00:00:00
4303,Borivali,Studio,2,1329.31,131.05,46203.0,Ready to move,2025,Semi-Furnished,2024-03-30 00:00:00
5823,Juhu,Apartment,2,505.1,96.2,57758.0,Ready to move,2024,Unfurnished,2024-09-04 00:00:00
2150,Bandra,Villa,2,1272.92,167.38,47406.0,Ready to move,2024,Furnished,2024-02-09 00:00:00
145,Andheri,Apartment,1,833.62,83.89,51000.0,Ready to move,2025,Furnished,2024-09-01 00:00:00
4964,Dadar,Apartment,4,617.18,194.44,47208.0,Ready to move,2025,Furnished,2024-08-16 00:00:00
8160,Powai,Apartment,3,1073.39,156.79,49867.0,Ready to move,2025,Semi-Furnished,2024-03-16 00:00:00
9031,Juhu,Villa,3,888.92,89.91,57453.0,Ready to move,2024,Unfurnished,2024-03-29 00:00:00
4776,Vikhroli,Apartment,2,917.62,160.28,25982.0,Under construction,2024,Semi-Furnished,2024-03-09 00:00:00
8934,Powai,Apartment,2,827.62,95.86,63745.0,Ready to move,2024,Unfurnished,2024-05-30 00:00:00
7750,Powai,Villa,3,1011.72,125.3,43762.0,Ready to move,2024,Unfurnished,2024-08-25 00:00:00
9829,Kandivali,Apartment,3,1083.16,132.46,59829.0,Ready to move,2025,Unfurnished,2024-05-08 00:00:00
9215,Kandivali,Apartment,1,1105.64,268.84,46693.0,Ready to move,2024,Semi-Furnished,2024-11-27 00:00:00
6061,Malad,Apartment,4,1087.8,174.92,53027.0,Ready to move,2025,Semi-Furnished,2024-12-08 00:00:00
9476,Kandivali,Apartment,2,506.49,138.74,67212.0,Under construction,2024,Semi-Furnished,2024-11-10 00:00:00
6410,Kandivali,Apartment,2,690.3,211.46,16761.0,Under construction,2024,Semi-Furnished,2024-11-06 00:00:00
3318,Juhu,Apartment,2,701.66,155.97,62544.0,Ready to move,2024,Furnished,2024-06-18 00:00:00
7465,Powai,Apartment,3,1182.69,85.05,45366.0,Ready to move,2024,Furnished,2024-01-30 00:00:00
3062,Juhu,Apartment,3,892.34,187.1,44525.0,Ready to move,2026,Unfurnished,2024-05-15 00:00:00
1356,Kandivali,Studio,4,845.61,116.86,66381.0,Ready to move,2027,Furnished,2024-05-15 00:00:00
4515,Kandivali,Villa,2,397.5,186.0,54776.0,Ready to move,2024,Unfurnished,2024-09-06 00:00:00
5506,Kandivali,Apartment,3,1427.18,170.35,52638.0,Under construction,2027,Semi-Furnished,2024-07-29 00:00:00
5251,Vikhroli,Apartment,2,921.78,138.54,71775.0,Ready to move,2024,Unfurnished,2024-02-16 00:00:00
4512,Borivali,Villa,2,378.68,184.79,46357.0,Ready to move,2026,Semi-Furnished,2024-09-02 00:00:00
1731,Goregaon,Villa,2,507.11,127.08,32758.0,Ready to move,2025,Semi-Furnished,2024-10-09 00:00:00
1759,Goregaon,Apartment,3,543.16,77.63,43891.0,Under construction,2024,Furnished,2024-12-27 00:00:00
6651,Vikhroli,Villa,1,900.86,208.14,42199.0,Ready to move,2025,Furnished,2024-08-23 00:00:00
6647,Andheri,Apartment,1,490.85,203.3,37967.0,Ready to move,2024,Semi-Furnished,2024-06-07 00:00:00
9861,Bandra,Apartment,1,821.2,109.37,52342.0,Under construction,2025,Semi-Furnished,2024-02-26 00:00:00
4140,Andheri,Apartment,1,946.56,170.68,41129.0,Ready to move,2025,Furnished,2024-05-04 00:00:00
9394,Goregaon,Apartment,1,1077.4,134.99,47638.0,Ready to move,2026,Semi-Furnished,2024-02-18 00:00:00
5124,Vikhroli,Apartment,4,628.68,135.75,30844.0,Ready to move,2025,Unfurnished,2024-05-20 00:00:00
1,Malad,Studio,1,1292.29,136.95,55665.0,Ready to move,2025,Unfurnished,2024-04-23 00:00:00
1865,Goregaon,Apartment,2,683.61,152.23,63100.0,Ready to move,2026,Semi-Furnished,2024-10-13 00:00:00
544,Vikhroli,Apartment,4,773.83,58.46,67868.0,Ready to move,2026,Furnished,2024-01-01 00:00:00
350,Bandra,Apartment,1,300.0,82.91,33334.0,Under construction,2024,Semi-Furnished,2024-09-11 00:00:00
6907,Juhu,Apartment,4,902.4,90.21,53157.0,Ready to move,2027,Furnished,2024-08-11 00:00:00
9766,Vikhroli,Apartment,2,1469.32,155.47,41448.0,Ready to move,2024,Furnished,2024-04-25 00:00:00
2524,Goregaon,Apartment,2,954.92,247.19,37076.0,Ready to move,2025,Furnished,2024-01-28 00:00:00
3465,Powai,Villa,2,910.25,178.57,47422.0,Under construction,2025,Furnished,2024-09-21 00:00:00
458,Juhu,Studio,2,640.13,76.44,18874.0,Under construction,2024,Unfurnished,2024-09-20 00:00:00
3024,Andheri,Apartment,1,711.98,163.07,23026.0,Ready to move,2024,Furnished,2024-06-13 00:00:00
7262,Malad,Apartment,1,1157.37,109.42,71027.0,Under construction,2025,Furnished,2024-04-07 00:00:00
9516,Vikhroli,Apartment,2,790.3,172.8,27431.0,Ready to move,2026,Semi-Furnished,2024-04-05 00:00:00
7873,Borivali,Apartment,4,376.48,203.75,42600.0,Under construction,2024,Semi-Furnished,2024-10-08 00:00:00
6626,Borivali,Villa,3,693.94,193.8,50043.0,Under construction,2024,Semi-Furnished,2024-02-18 00:00:00
2535,Vikhroli,Villa,2,315.14,120.87,68419.0,Ready to move,2024,Furnished,2024-07-19 00:00:00
132,Malad,Studio,2,1146.68,113.22,23186.0,Ready to move,2025,Furnished,2024-03-26 00:00:00
3705,Goregaon,Apartment,2,976.37,182.96,23597.0,Ready to move,2024,Unfurnished,2024-01-16 00:00:00
1373,Kandivali,Villa,3,1003.49,160.73,63465.0,Ready to move,2024,Furnished,2024-12-02 00:00:00
6201,Dadar,Villa,2,485.18,165.71,64743.0,Ready to move,2027,Semi-Furnished,2024-08-20 00:00:00
4857,Vikhroli,Villa,2,833.59,124.59,44183.0,Ready to move,2025,Furnished,2024-06-18 00:00:00
4713,Malad,Apartment,3,490.39,171.08,52708.0,Ready to move,2025,Furnished,2024-01-24 00:00:00
5545,Goregaon,Apartment,1,676.49,85.57,42458.0,Under construction,2025,Furnished,2024-06-11 00:00:00
1414,Juhu,Apartment,2,975.96,148.78,46080.0,Ready to move,2024,Unfurnished,2024-02-21 00:00:00
4114,Goregaon,Apartment,2,300.0,150.9,58439.0,Ready to move,2024,Semi-Furnished,2024-04-03 00:00:00
656,Borivali,Apartment,3,1019.04,214.51,49222.0,Ready to move,2024,Semi-Furnished,2024-03-25 00:00:00
8138,Goregaon,Villa,1,1034.82,89.1,45012.0,Under construction,2026,Furnished,2024-05-14 00:00:00
4099,Kandivali,Villa,4,537.85,203.0,38296.0,Under construction,2025,Furnished,2024-12-04 00:00:00
593,Juhu,Apartment,1,758.79,161.47,41924.0,Ready to move,2025,Furnished,2024-08-10 00:00:00
8709,Dadar,Apartment,3,1091.52,136.61,41251.0,Ready to move,2025,Furnished,2024-07-02 00:00:00
3124,Borivali,Apartment,2,682.27,119.95,52163.0,Ready to move,2024,Unfurnished,2024-09-19 00:00:00
3048,Goregaon,Studio,2,995.81,112.39,58718.0,Ready to move,2026,Semi-Furnished,2024-12-26 00:00:00
3888,Borivali,Apartment,3,1250.07,155.32,63006.0,Ready to move,2024,Unfurnished,2024-10-08 00:00:00
5736,Bandra,Apartment,4,1010.25,169.28,61755.0,Under construction,2024,Semi-Furnished,2024-11-26 00:00:00
2185,Malad,Villa,1,853.74,164.66,57561.0,Ready to move,2024,Furnished,2024-09-10 00:00:00
2146,Borivali,Apartment,2,1145.17,65.4,24322.0,Ready to move,2024,Furnished,2024-07-07 00:00:00
7048,Dadar,Villa,2,987.68,73.02,12400.0,Ready to move,2027,Furnished,2024-01-31 00:00:00
3106,Bandra,Apartment,1,835.35,112.39,49218.0,Ready to move,2025,Unfurnished,2024-04-29 00:00:00
9234,Vikhroli,Apartment,2,505.88,119.64,42725.0,Ready to move,2024,Semi-Furnished,2024-07-20 00:00:00
9097,Dadar,Apartment,2,1507.89,138.07,14483.0,Ready to move,2024,Furnished,2024-01-23 00:00:00
2770,Borivali,Apartment,1,1031.14,199.03,58946.0,Under construction,2025,Semi-Furnished,2024-02-26 00:00:00
5222,Powai,Apartment,1,485.26,156.21,49976.0,Ready to move,2026,Unfurnished,2024-11-18 00:00:00
5834,Bandra,Apartment,2,798.15,102.32,52816.0,Ready to move,2025,Furnished,2024-04-19 00:00:00
1733,Kandivali,Villa,2,718.31,156.37,58518.0,Under construction,2024,Semi-Furnished,2024-02-26 00:00:00
266,Powai,Apartment,3,1140.59,63.37,47631.0,Under construction,2025,Furnished,2024-05-13 00:00:00
5145,Vikhroli,Apartment,4,843.62,172.97,54344.0,Ready to move,2026,Semi-Furnished,2024-05-04 00:00:00
8268,Andheri,Studio,3,845.81,168.65,43557.0,Ready to move,2025,Unfurnished,2024-05-17 00:00:00
3938,Kandivali,Apartment,1,513.86,129.89,31587.0,Ready to move,2025,Semi-Furnished,2024-05-18 00:00:00
762,Andheri,Villa,3,1426.67,165.72,50163.0,Ready to move,2024,Semi-Furnished,2024-12-25 00:00:00
7221,Vikhroli,Studio,4,1004.98,108.34,43235.0,Under construction,2025,Furnished,2024-08-29 00:00:00
8440,Andheri,Studio,2,692.17,52.06,34330.0,Ready to move,2027,Furnished,2024-10-15 00:00:00
3258,Juhu,Studio,1,759.55,87.11,24991.0,Ready to move,2025,Furnished,2024-08-21 00:00:00
4339,Vikhroli,Apartment,4,1139.77,143.75,35609.0,Ready to move,2027,Unfurnished,2024-01-20 00:00:00
4363,Goregaon,Villa,2,865.13,132.14,39492.0,Ready to move,2025,Semi-Furnished,2024-06-05 00:00:00
317,Juhu,Apartment,1,421.34,294.88,56713.0,Under construction,2027,Unfurnished,2024-07-25 00:00:00
8070,Bandra,Apartment,2,1005.58,182.47,58152.0,Ready to move,2024,Semi-Furnished,2024-04-16 00:00:00
1852,Powai,Villa,2,490.55,232.07,58888.0,Ready to move,2024,Semi-Furnished,2024-05-17 00:00:00
2485,Powai,Villa,2,1261.18,97.26,61683.0,Ready to move,2024,Semi-Furnished,2024-07-01 00:00:00
9874,Bandra,Apartment,3,978.63,196.49,68749.0,Ready to move,2027,Furnished,2024-06-06 00:00:00
9575,Andheri,Apartment,1,782.63,138.4,45008.0,Ready to move,2024,Semi-Furnished,2024-08-25 00:00:00
1079,Andheri,Studio,2,901.24,134.2,62281.0,Ready to move,2024,Semi-Furnished,2024-12-25 00:00:00
8359,Powai,Villa,1,470.93,190.2,20576.0,Under construction,2024,Semi-Furnished,2024-03-02 00:00:00
7334,Powai,Apartment,1,599.39,174.73,52902.0,Ready to move,2024,Semi-Furnished,2024-02-28 00:00:00
1072,Andheri,Apartment,2,575.92,83.72,53123.0,Under construction,2024,Unfurnished,2024-06-04 00:00:00
104,Malad,Apartment,3,1122.2,111.11,41718.0,Under construction,2025,Furnished,2024-09-27 00:00:00
5749,Malad,Apartment,2,1067.4,138.16,48509.0,Ready to move,2026,Semi-Furnished,2024-09-29 00:00:00
1419,Juhu,Apartment,2,816.58,105.37,12225.0,Ready to move,2024,Furnished,2024-09-17 00:00:00
1659,Kandivali,Apartment,2,1128.39,88.26,39236.0,Ready to move,2026,Furnished,2024-03-17 00:00:00
5285,Borivali,Apartment,1,1263.92,137.78,35406.0,Ready to move,2024,Furnished,2024-06-05 00:00:00
1150,Borivali,Villa,3,600.28,207.41,13490.0,Ready to move,2024,Semi-Furnished,2024-10-30 00:00:00
7151,Vikhroli,Apartment,2,971.95,261.94,30561.0,Under construction,2027,Semi-Furnished,2024-10-02 00:00:00
1569,Borivali,Apartment,1,1102.95,277.1,42273.0,Under construction,2025,Furnished,2024-09-03 00:00:00
1088,Andheri,Apartment,1,634.95,195.52,57283.0,Ready to move,2024,Furnished,2024-08-04 00:00:00
6086,Vikhroli,Villa,4,369.17,188.72,52514.0,Ready to move,2025,Furnished,2024-06-03 00:00:00
8675,Bandra,Apartment,1,647.13,116.87,52354.0,Under construction,2025,Unfurnished,2024-06-14 00:00:00
8342,Powai,Studio,2,1074.76,118.71,16361.0,Under construction,2025,Unfurnished,2024-11-18 00:00:00
7812,Vikhroli,Apartment,1,640.59,218.26,24572.0,Ready to move,2024,Furnished,2024-06-17 00:00:00
6085,Malad,Apartment,1,1085.37,231.75,41374.0,Under construction,2024,Furnished,2024-11-10 00:00:00
8774,Kandivali,Studio,3,1019.98,145.5,63660.0,Under construction,2024,Furnished,2024-02-19 00:00:00
8758,Kandivali,Apartment,3,1136.14,291.19,34113.0,Ready to move,2027,Unfurnished,2024-07-05 00:00:00
1693,Goregaon,Apartment,1,638.37,186.58,40998.0,Under construction,2024,Semi-Furnished,2024-09-29 00:00:00
4735,Borivali,Apartment,3,477.51,194.38,51138.0,Ready to move,2026,Furnished,2024-09-26 00:00:00
3388,Dadar,Studio,2,774.27,168.68,19642.0,Under construction,2024,Unfurnished,2024-07-14 00:00:00
3647,Powai,Apartment,2,1021.67,141.81,51723.0,Ready to move,2025,Unfurnished,2024-07-02 00:00:00
1684,Malad,Apartment,1,422.58,105.85,66789.0,Ready to move,2024,Semi-Furnished,2024-02-04 00:00:00
9,Goregaon,Villa,2,933.21,150.59,50186.0,Ready to move,2027,Furnished,2024-07-17 00:00:00
6063,Andheri,Villa,1,863.21,132.3,59160.0,Ready to move,2025,Unfurnished,2024-08-18 00:00:00
6517,Bandra,Apartment,1,748.63,185.61,28150.0,Ready to move,2024,Semi-Furnished,2024-09-08 00:00:00
4124,Borivali,Villa,1,894.19,52.67,10000.0,Ready to move,2025,Semi-Furnished,2024-06-07 00:00:00
8730,Dadar,Apartment,2,830.86,152.29,25835.0,Ready to move,2025,Semi-Furnished,2024-12-20 00:00:00
6046,Juhu,Apartment,1,999.2,44.66,47404.0,Ready to move,2024,Semi-Furnished,2024-10-07 00:00:00
568,Juhu,Villa,3,982.02,143.74,48711.0,Ready to move,2025,Semi-Furnished,2024-05-24 00:00:00
9162,Bandra,Apartment,2,1088.46,121.55,27513.0,Ready to move,2024,Furnished,2024-02-12 00:00:00
1804,Powai,Apartment,4,978.54,232.33,41662.0,Ready to move,2027,Furnished,2024-07-10 00:00:00
8502,Dadar,Apartment,2,667.17,211.24,47963.0,Ready to move,2024,Semi-Furnished,2024-12-20 00:00:00
4901,Vikhroli,Villa,2,1615.55,199.12,70717.0,Ready to move,2024,Semi-Furnished,2024-02-26 00:00:00
1600,Dadar,Villa,2,821.32,197.71,36355.0,Ready to move,2025,Furnished,2024-08-04 00:00:00
7932,Dadar,Apartment,2,853.29,158.65,50361.0,Ready to move,2024,Furnished,2024-01-31 00:00:00
9548,Malad,Apartment,3,1054.81,120.52,50421.0,Ready to move,2024,Semi-Furnished,2024-03-05 00:00:00
2824,Borivali,Apartment,2,892.74,165.37,43918.0,Ready to move,2024,Furnished,2024-09-04 00:00:00
5468,Juhu,Villa,2,1289.72,64.0,38633.0,Ready to move,2025,Semi-Furnished,2024-07-13 00:00:00
3530,Malad,Studio,4,791.14,163.7,26398.0,Ready to move,2025,Furnished,2024-07-15 00:00:00
8684,Goregaon,Studio,3,367.14,192.97,61834.0,Ready to move,2024,Unfurnished,2024-02-06 00:00:00
1156,Malad,Studio,2,1749.62,73.15,43889.0,Ready to move,2025,Furnished,2024-04-11 00:00:00
6548,Vikhroli,Apartment,4,343.79,154.23,38884.0,Ready to move,2026,Furnished,2024-06-03 00:00:00
9089,Kandivali,Villa,2,988.35,148.54,24532.0,Ready to move,2026,Semi-Furnished,2024-08-01 00:00:00
7621,Borivali,Apartment,4,1081.95,208.59,32595.0,Ready to move,2024,Semi-Furnished,2024-09-13 00:00:00
8297,Goregaon,Studio,1,300.0,105.75,50600.0,Ready to move,2024,Semi-Furnished,2024-07-24 00:00:00
4541,Borivali,Apartment,2,634.3,76.86,66312.0,Ready to move,2024,Furnished,2024-09-24 00:00:00
9135,Andheri,Apartment,2,1266.31,124.78,54606.0,Under construction,2024,Furnished,2024-11-05 00:00:00
6483,Kandivali,Apartment,1,660.66,30.0,39347.0,Ready to move,2025,Semi-Furnished,2024-06-13 00:00:00
5827,Andheri,Studio,2,512.97,124.49,52603.0,Ready to move,2024,Furnished,2024-12-10 00:00:00
1191,Dadar,Studio,2,611.92,93.4,63969.0,Ready to move,2025,Semi-Furnished,2024-03-14 00:00:00
7445,Andheri,Apartment,2,943.36,175.17,41410.0,Ready to move,2024,Furnished,2024-01-24 00:00:00
8521,Vikhroli,Apartment,2,742.0,156.12,62372.0,Ready to move,2024,Furnished,2024-08-01 00:00:00
961,Kandivali,Apartment,2,1324.53,64.51,53251.0,Ready to move,2025,Furnished,2024-06-21 00:00:00
7455,Powai,Studio,4,806.36,154.22,41284.0,Under construction,2024,Semi-Furnished,2024-01-31 00:00:00
37,Kandivali,Villa,2,556.48,87.11,42410.0,Ready to move,2024,Unfurnished,2024-10-24 00:00:00
7517,Juhu,Villa,2,621.7,145.74,23732.0,Under construction,2024,Semi-Furnished,2024-12-17 00:00:00
7645,Goregaon,Villa,1,378.2,143.41,36439.0,Ready to move,2024,Unfurnished,2024-10-23 00:00:00
4439,Goregaon,Studio,1,655.06,196.53,32645.0,Ready to move,2026,Semi-Furnished,2024-09-07 00:00:00
6162,Powai,Apartment,4,365.37,186.29,81103.0,Ready to move,2026,Furnished,2024-01-23 00:00:00
7745,Borivali,Apartment,2,845.39,139.53,44573.0,Ready to move,2025,Semi-Furnished,2024-06-10 00:00:00
9588,Bandra,Apartment,2,814.68,196.78,31391.0,Ready to move,2024,Furnished,2024-03-28 00:00:00
8120,Andheri,Studio,1,1246.25,177.76,52563.0,Ready to move,2024,Semi-Furnished,2024-04-15 00:00:00
6968,Borivali,Villa,3,1016.05,158.23,35452.0,Ready to move,2025,Semi-Furnished,2024-06-24 00:00:00
5719,Borivali,Apartment,1,811.36,71.78,48823.0,Ready to move,2026,Unfurnished,2024-10-29 00:00:00
578,Juhu,Apartment,2,951.96,79.6,19797.0,Ready to move,2026,Semi-Furnished,2024-08-19 00:00:00
9834,Powai,Apartment,1,1179.88,119.91,28362.0,Ready to move,2025,Unfurnished,2024-09-29 00:00:00
4103,Dadar,Apartment,1,937.68,160.78,42001.0,Ready to move,2024,Semi-Furnished,2024-09-25 00:00:00
7647,Vikhroli,Apartment,1,1448.19,191.65,34295.0,Ready to move,2025,Furnished,2024-08-26 00:00:00
4152,Kandivali,Apartment,1,817.44,117.21,27303.0,Ready to move,2024,Semi-Furnished,2024-12-05 00:00:00
3131,Dadar,Apartment,2,690.26,193.86,34008.0,Ready to move,2025,Semi-Furnished,2024-01-01 00:00:00
4891,Vikhroli,Apartment,2,853.28,195.19,53392.0,Ready to move,2024,Unfurnished,2024-12-02 00:00:00
9976,Juhu,Apartment,4,927.62,97.08,40460.0,Ready to move,2024,Unfurnished,2024-08-20 00:00:00
7472,Vikhroli,Apartment,2,955.38,118.82,47427.0,Ready to move,2024,Semi-Furnished,2024-06-16 00:00:00
1834,Powai,Apartment,2,551.6,142.66,17585.0,Under construction,2024,Semi-Furnished,2024-03-16 00:00:00
9149,Andheri,Apartment,4,923.39,114.8,24260.0,Ready to move,2024,Unfurnished,2024-05-23 00:00:00
4892,Powai,Studio,1,471.26,176.33,56914.0,Ready to move,2025,Unfurnished,2024-12-22 00:00:00
2288,Malad,Apartment,4,1066.93,173.08,38441.0,Ready to move,2026,Semi-Furnished,2024-06-04 00:00:00
1331,Malad,Apartment,3,1195.67,99.36,36341.0,Ready to move,2024,Unfurnished,2024-11-13 00:00:00
2772,Powai,Villa,2,446.24,66.92,58262.0,Ready to move,2027,Furnished,2024-01-19 00:00:00
3687,Juhu,Studio,2,974.54,160.77,30163.0,Ready to move,2024,Furnished,2024-12-17 00:00:00
8284,Bandra,Apartment,2,1412.02,188.58,54877.0,Ready to move,2024,Semi-Furnished,2024-12-06 00:00:00
5929,Bandra,Studio,2,1087.64,149.59,47435.0,Under construction,2024,Semi-Furnished,2024-03-06 00:00:00
638,Borivali,Apartment,1,358.95,156.38,38778.0,Under construction,2024,Furnished,2024-02-17 00:00:00
48,Powai,Apartment,3,1036.62,94.84,68602.0,Ready to move,2026,Semi-Furnished,2024-03-06 00:00:00
2603,Andheri,Apartment,1,875.74,69.49,66133.0,Under construction,2024,Furnished,2024-10-11 00:00:00
1966,Goregaon,Apartment,1,1011.47,183.92,58962.0,Ready to move,2027,Furnished,2024-10-30 00:00:00
2169,Kandivali,Apartment,3,452.23,187.35,33719.0,Ready to move,2027,Semi-Furnished,2024-10-18 00:00:00
5050,Vikhroli,Studio,2,1297.97,90.72,57231.0,Ready to move,2024,Semi-Furnished,2024-10-10 00:00:00
3335,Andheri,Apartment,1,667.71,215.11,56536.0,Ready to move,2024,Furnished,2024-12-14 00:00:00
3020,Vikhroli,Apartment,2,982.28,161.81,22151.0,Ready to move,2026,Semi-Furnished,2024-02-05 00:00:00
8765,Juhu,Villa,2,639.82,264.63,58095.0,Ready to move,2024,Unfurnished,2024-05-17 00:00:00
9177,Bandra,Villa,4,300.0,89.29,29995.0,Under construction,2025,Semi-Furnished,2024-07-16 00:00:00
1361,Andheri,Apartment,1,624.44,166.0,35078.0,Ready to move,2025,Furnished,2024-03-16 00:00:00
5799,Goregaon,Villa,3,793.74,191.0,48372.0,Ready to move,2025,Furnished,2024-05-19 00:00:00
9401,Malad,Apartment,1,586.36,69.08,54182.0,Ready to move,2024,Unfurnished,2024-11-11 00:00:00
3252,Andheri,Apartment,3,1395.21,148.91,57480.0,Ready to move,2026,Furnished,2024-07-20 00:00:00
6301,Powai,Apartment,3,660.78,36.06,33772.0,Ready to move,2025,Furnished,2024-09-27 00:00:00
2252,Bandra,Villa,3,525.87,126.64,54765.0,Ready to move,2024,Furnished,2024-12-30 00:00:00
6028,Bandra,Apartment,2,993.55,128.26,38491.0,Under construction,2024,Semi-Furnished,2024-12-04 00:00:00
1176,Andheri,Apartment,1,333.33,75.98,36219.0,Under construction,2025,Unfurnished,2024-05-17 00:00:00
8800,Juhu,Apartment,2,734.93,221.65,46878.0,Ready to move,2025,Semi-Furnished,2024-04-11 00:00:00
3280,Goregaon,Villa,1,642.84,102.53,46213.0,Ready to move,2025,Unfurnished,2024-06-29 00:00:00
2974,Vikhroli,Apartment,2,599.0,76.85,20268.0,Under construction,2025,Unfurnished,2024-06-14 00:00:00
3397,Bandra,Apartment,2,802.57,236.56,39801.0,Ready to move,2027,Semi-Furnished,2024-09-30 00:00:00
6940,Dadar,Apartment,1,740.73,200.49,77028.0,Ready to move,2024,Unfurnished,2024-01-30 00:00:00
966,Powai,Apartment,3,1221.48,102.3,38937.0,Ready to move,2025,Semi-Furnished,2024-01-23 00:00:00
8575,Andheri,Apartment,2,1052.56,172.34,56968.0,Under construction,2026,Unfurnished,2024-04-12 00:00:00
743,Kandivali,Apartment,4,551.11,88.05,54294.0,Ready to move,2027,Furnished,2024-07-18 00:00:00
7515,Borivali,Villa,1,666.05,163.68,49630.0,Ready to move,2024,Semi-Furnished,2024-11-11 00:00:00
3315,Andheri,Villa,1,461.07,213.17,67000.0,Ready to move,2025,Semi-Furnished,2024-03-07 00:00:00
4899,Kandivali,Apartment,3,718.88,224.06,25879.0,Ready to move,2024,Semi-Furnished,2024-01-27 00:00:00
9341,Malad,Apartment,2,666.73,209.78,51304.0,Under construction,2024,Furnished,2024-04-16 00:00:00
4673,Goregaon,Villa,1,1025.73,152.42,39587.0,Ready to move,2025,Furnished,2024-05-31 00:00:00
8619,Vikhroli,Apartment,4,753.55,59.95,24225.0,Under construction,2025,Semi-Furnished,2024-08-12 00:00:00
1218,Vikhroli,Apartment,2,981.36,173.06,19289.0,Ready to move,2025,Furnished,2024-08-28 00:00:00
4398,Malad,Apartment,1,354.85,291.63,65472.0,Ready to move,2024,Unfurnished,2024-07-25 00:00:00
6081,Kandivali,Apartment,1,782.44,128.8,40711.0,Ready to move,2026,Furnished,2024-01-15 00:00:00
2615,Dadar,Apartment,2,751.29,184.34,29617.0,Ready to move,2025,Semi-Furnished,2024-10-07 00:00:00
2621,Juhu,Villa,2,441.59,148.75,42606.0,Ready to move,2025,Semi-Furnished,2024-11-29 00:00:00
8715,Powai,Apartment,2,604.78,130.99,10000.0,Ready to move,2024,Furnished,2024-08-18 00:00:00
7283,Borivali,Apartment,2,917.39,70.22,19338.0,Ready to move,2024,Furnished,2024-05-18 00:00:00
3380,Dadar,Villa,2,984.66,97.4,49699.0,Ready to move,2025,Semi-Furnished,2024-08-24 00:00:00
7302,Juhu,Apartment,2,1026.05,126.39,79816.0,Under construction,2025,Unfurnished,2024-01-17 00:00:00
9858,Goregaon,Apartment,1,300.0,73.74,34119.0,Ready to move,2025,Unfurnished,2024-06-30 00:00:00
5606,Powai,Villa,4,1052.25,184.15,50181.0,Ready to move,2024,Semi-Furnished,2024-08-10 00:00:00
9814,Goregaon,Apartment,4,761.89,154.6,38265.0,Ready to move,2024,Furnished,2024-12-01 00:00:00
5787,Vikhroli,Apartment,2,460.54,88.82,58807.0,Ready to move,2026,Furnished,2024-11-23 00:00:00
8519,Bandra,Studio,2,1115.75,108.35,44238.0,Ready to move,2024,Unfurnished,2024-09-11 00:00:00
6851,Juhu,Apartment,2,813.34,202.75,56691.0,Ready to move,2025,Unfurnished,2024-12-21 00:00:00
1517,Bandra,Apartment,4,712.41,227.39,59674.0,Ready to move,2024,Semi-Furnished,2024-12-07 00:00:00
5099,Dadar,Studio,3,896.03,59.65,36800.0,Ready to move,2024,Furnished,2024-12-30 00:00:00
7637,Goregaon,Villa,4,1326.1,102.56,59327.0,Ready to move,2026,Furnished,2024-05-18 00:00:00
9086,Dadar,Apartment,1,1012.35,114.08,44226.0,Ready to move,2025,Furnished,2024-01-28 00:00:00
8024,Juhu,Apartment,3,652.19,146.57,24696.0,Under construction,2025,Furnished,2024-12-21 00:00:00
2393,Borivali,Studio,2,311.06,194.88,60495.0,Under construction,2026,Furnished,2024-05-28 00:00:00
587,Vikhroli,Apartment,1,1292.16,109.93,51250.0,Under construction,2025,Furnished,2024-08-13 00:00:00
3520,Powai,Apartment,1,986.07,163.59,37566.0,Ready to move,2024,Unfurnished,2024-02-15 00:00:00
7654,Andheri,Villa,2,750.45,126.17,56026.0,Ready to move,2024,Furnished,2024-07-30 00:00:00
8947,Andheri,Apartment,2,300.0,107.18,29987.0,Under construction,2027,Furnished,2024-09-28 00:00:00
851,Bandra,Apartment,4,772.36,242.11,45814.0,Ready to move,2024,Furnished,2024-05-03 00:00:00
336,Juhu,Apartment,2,865.03,199.26,30694.0,Under construction,2025,Furnished,2024-04-07 00:00:00
6635,Andheri,Villa,3,1022.75,32.37,43390.0,Ready to move,2024,Semi-Furnished,2024-12-12 00:00:00
8973,Goregaon,Apartment,1,1330.12,140.81,42109.0,Ready to move,2026,Furnished,2024-03-16 00:00:00
7494,Malad,Apartment,2,814.81,30.0,17322.0,Ready to move,2025,Furnished,2024-08-03 00:00:00
2869,Powai,Apartment,3,1274.98,129.78,43870.0,Ready to move,2025,Semi-Furnished,2024-02-27 00:00:00
4873,Goregaon,Apartment,2,1294.45,259.59,56266.0,Ready to move,2024,Furnished,2024-08-15 00:00:00
3551,Powai,Apartment,1,748.18,112.72,46318.0,Ready to move,2027,Furnished,2024-04-30 00:00:00
3843,Powai,Apartment,2,904.97,191.45,58189.0,Under construction,2024,Furnished,2024-07-11 00:00:00
7263,Juhu,Studio,1,361.88,206.66,26949.0,Ready to move,2024,Furnished,2024-06-02 00:00:00
5825,Juhu,Villa,1,1017.85,177.89,61281.0,Ready to move,2024,Semi-Furnished,2024-08-02 00:00:00
24,Dadar,Apartment,2,468.1,37.24,41651.0,Ready to move,2024,Semi-Furnished,2024-09-07 00:00:00
1454,Vikhroli,Apartment,1,1004.08,141.52,22645.0,Under construction,2024,Furnished,2024-06-28 00:00:00
1685,Andheri,Apartment,2,995.03,168.85,37927.0,Under construction,2025,Semi-Furnished,2024-08-26 00:00:00
2311,Kandivali,Apartment,1,780.29,134.87,37364.0,Ready to move,2024,Semi-Furnished,2024-04-23 00:00:00
9064,Powai,Villa,2,796.7,33.85,36643.0,Ready to move,2026,Unfurnished,2024-06-10 00:00:00
9407,Borivali,Apartment,1,649.92,202.44,48552.0,Ready to move,2027,Unfurnished,2024-07-27 00:00:00
382,Goregaon,Apartment,3,410.98,155.63,42154.0,Ready to move,2025,Furnished,2024-05-09 00:00:00
5815,Andheri,Apartment,1,491.91,192.26,51026.0,Ready to move,2025,Furnished,2024-09-11 00:00:00
5551,Juhu,Apartment,2,906.3,194.57,55735.0,Ready to move,2024,Semi-Furnished,2024-10-15 00:00:00
9309,Borivali,Apartment,4,1208.51,175.26,51089.0,Ready to move,2025,Unfurnished,2024-06-15 00:00:00
1619,Powai,Apartment,2,1020.05,212.5,55917.0,Ready to move,2025,Furnished,2024-05-16 00:00:00
790,Bandra,Apartment,2,1073.81,219.37,30969.0,Under construction,2025,Furnished,2024-10-20 00:00:00
5984,Juhu,Villa,2,888.13,192.44,51886.0,Under construction,2026,Semi-Furnished,2024-01-15 00:00:00
8673,Andheri,Villa,4,700.48,175.5,46999.0,Ready to move,2025,Semi-Furnished,2024-10-01 00:00:00
4476,Malad,Apartment,1,1692.3,137.77,54461.0,Ready to move,2025,Furnished,2024-02-14 00:00:00
5607,Borivali,Apartment,1,811.9,194.17,65634.0,Ready to move,2026,Semi-Furnished,2024-06-12 00:00:00
9313,Powai,Apartment,3,983.18,95.48,26893.0,Ready to move,2024,Furnished,2024-11-03 00:00:00
5649,Andheri,Apartment,2,910.46,106.21,55080.0,Ready to move,2026,Semi-Furnished,2024-07-29 00:00:00
6217,Andheri,Apartment,1,646.96,96.24,38596.0,Ready to move,2026,Furnished,2024-11-03 00:00:00
2287,Juhu,Apartment,1,526.9,195.15,10000.0,Ready to move,2024,Furnished,2024-03-09 00:00:00
9994,Powai,Apartment,1,920.95,215.93,27660.0,Ready to move,2024,Semi-Furnished,2024-05-21 00:00:00
7579,Powai,Apartment,3,623.99,232.38,35702.0,Ready to move,2026,Unfurnished,2024-09-01 00:00:00
1184,Dadar,Apartment,1,929.5,143.44,30150.0,Under construction,2025,Furnished,2024-10-07 00:00:00
6002,Kandivali,Apartment,2,775.43,126.72,53064.0,Ready to move,2024,Semi-Furnished,2024-10-04 00:00:00
5091,Juhu,Villa,2,568.42,173.21,35344.0,Ready to move,2024,Semi-Furnished,2024-02-09 00:00:00
2517,Kandivali,Apartment,2,1181.53,283.85,45650.0,Ready to move,2024,Semi-Furnished,2024-08-26 00:00:00
4123,Andheri,Apartment,2,471.14,77.79,47365.0,Ready to move,2025,Semi-Furnished,2024-11-03 00:00:00
5522,Dadar,Apartment,3,633.92,105.99,61179.0,Ready to move,2025,Furnished,2024-05-12 00:00:00
5628,Goregaon,Apartment,1,882.07,89.94,48624.0,Ready to move,2024,Furnished,2024-11-10 00:00:00
8361,Dadar,Apartment,2,921.1,103.85,59356.0,Ready to move,2024,Furnished,2024-04-27 00:00:00
5873,Andheri,Apartment,3,483.89,150.85,24690.0,Ready to move,2024,Semi-Furnished,2024-12-06 00:00:00
8613,Borivali,Apartment,1,1515.59,257.42,62008.0,Ready to move,2024,Unfurnished,2024-08-10 00:00:00
7728,Bandra,Villa,2,715.73,144.27,41095.0,Ready to move,2026,Furnished,2024-04-03 00:00:00
5969,Dadar,Apartment,1,1052.29,103.24,40958.0,Ready to move,2025,Furnished,2024-10-30 00:00:00
1181,Malad,Apartment,2,1109.61,131.32,49342.0,Under construction,2025,Furnished,2024-10-21 00:00:00
8763,Goregaon,Apartment,2,300.0,161.92,44289.0,Ready to move,2024,Semi-Furnished,2024-11-07 00:00:00
8236,Powai,Apartment,2,972.96,85.23,60156.0,Ready to move,2024,Unfurnished,2024-11-18 00:00:00
2819,Kandivali,Villa,1,520.92,178.74,41695.0,Ready to move,2025,Furnished,2024-06-17 00:00:00
9965,Malad,Villa,2,989.63,156.75,20166.0,Ready to move,2024,Semi-Furnished,2024-11-29 00:00:00
8704,Borivali,Villa,3,645.3,129.86,56407.0,Ready to move,2024,Semi-Furnished,2024-01-19 00:00:00
6609,Kandivali,Apartment,1,1466.89,223.11,43883.0,Ready to move,2025,Unfurnished,2024-01-12 00:00:00
2821,Goregaon,Villa,1,1003.96,100.45,55229.0,Ready to move,2025,Unfurnished,2024-05-19 00:00:00
7536,Borivali,Villa,2,1124.59,139.7,38702.0,Ready to move,2024,Semi-Furnished,2024-05-08 00:00:00
2261,Andheri,Apartment,3,442.65,173.14,57020.0,Ready to move,2025,Semi-Furnished,2024-08-14 00:00:00
2240,Borivali,Apartment,1,495.23,199.0,37536.0,Ready to move,2025,Furnished,2024-02-24 00:00:00
6022,Andheri,Apartment,2,877.5,190.55,61993.0,Ready to move,2025,Furnished,2024-11-28 00:00:00
783,Bandra,Apartment,1,897.57,160.01,43376.0,Ready to move,2024,Unfurnished,2024-06-16 00:00:00
933,Dadar,Villa,4,834.38,146.9,53287.0,Ready to move,2024,Semi-Furnished,2024-06-20 00:00:00
6203,Malad,Apartment,2,1356.52,61.42,47679.0,Ready to move,2024,Furnished,2024-05-21 00:00:00
2413,Dadar,Apartment,1,498.34,133.0,37050.0,Ready to move,2024,Furnished,2024-10-21 00:00:00
6998,Kandivali,Apartment,1,1160.87,111.27,62177.0,Under construction,2024,Semi-Furnished,2024-06-28 00:00:00
9116,Dadar,Villa,1,383.2,184.85,33713.0,Ready to move,2024,Furnished,2024-03-11 00:00:00
1157,Powai,Apartment,4,1222.93,61.88,44261.0,Ready to move,2025,Unfurnished,2024-05-23 00:00:00
8108,Vikhroli,Apartment,1,623.24,149.83,43420.0,Ready to move,2026,Furnished,2024-01-27 00:00:00
5806,Goregaon,Studio,1,1229.88,216.43,59834.0,Ready to move,2024,Furnished,2024-04-09 00:00:00
4880,Dadar,Apartment,2,756.02,247.78,42351.0,Ready to move,2024,Furnished,2024-01-03 00:00:00
3310,Powai,Villa,1,834.43,187.53,59435.0,Under construction,2026,Furnished,2024-12-06 00:00:00
8962,Malad,Apartment,1,1148.93,179.52,39440.0,Ready to move,2024,Semi-Furnished,2024-11-03 00:00:00
1703,Bandra,Apartment,2,300.0,130.51,48505.0,Ready to move,2024,Semi-Furnished,2024-02-16 00:00:00
2493,Juhu,Studio,2,985.53,196.33,30823.0,Ready to move,2027,Semi-Furnished,2024-05-05 00:00:00
3707,Borivali,Apartment,1,1213.97,112.15,67355.0,Ready to move,2024,Semi-Furnished,2024-08-05 00:00:00
8277,Juhu,Apartment,3,593.92,148.57,45069.0,Ready to move,2025,Furnished,2024-07-28 00:00:00
287,Bandra,Apartment,1,317.99,177.98,46166.0,Ready to move,2026,Furnished,2024-06-13 00:00:00
1609,Andheri,Apartment,2,939.75,101.52,52254.0,Ready to move,2026,Furnished,2024-08-03 00:00:00
6632,Borivali,Apartment,2,933.86,66.3,24554.0,Under construction,2025,Semi-Furnished,2024-05-03 00:00:00
8279,Juhu,Apartment,1,693.36,136.73,45285.0,Under construction,2024,Furnished,2024-10-12 00:00:00
7316,Kandivali,Villa,1,516.31,123.9,43379.0,Ready to move,2024,Semi-Furnished,2024-08-01 00:00:00
2253,Vikhroli,Studio,2,1502.79,72.59,50093.0,Ready to move,2025,Unfurnished,2024-02-08 00:00:00
7416,Malad,Apartment,2,1046.24,142.36,21967.0,Ready to move,2024,Furnished,2024-04-26 00:00:00
8366,Bandra,Studio,3,1180.29,99.75,75675.0,Ready to move,2025,Furnished,2024-01-26 00:00:00
1892,Dadar,Apartment,4,688.65,89.8,46144.0,Ready to move,2024,Unfurnished,2024-10-20 00:00:00
5063,Bandra,Apartment,1,1509.76,30.0,45704.0,Ready to move,2025,Unfurnished,2024-01-25 00:00:00
6121,Andheri,Studio,1,814.97,256.44,47995.0,Ready to move,2026,Unfurnished,2024-01-11 00:00:00
564,Dadar,Villa,2,697.92,105.64,53426.0,Ready to move,2024,Furnished,2024-12-09 00:00:00
292,Juhu,Apartment,2,1457.59,30.0,52451.0,Under construction,2024,Semi-Furnished,2024-04-06 00:00:00
4717,Kandivali,Apartment,2,1268.76,213.4,34067.0,Under construction,2024,Furnished,2024-02-15 00:00:00
7709,Malad,Studio,3,763.25,107.52,48317.0,Ready to move,2024,Furnished,2024-02-04 00:00:00
6350,Dadar,Apartment,2,1463.58,169.43,34706.0,Under construction,2025,Unfurnished,2024-03-10 00:00:00
170,Bandra,Apartment,3,887.25,135.0,77858.0,Ready to move,2024,Semi-Furnished,2024-12-07 00:00:00
268,Powai,Villa,1,1053.06,159.27,38797.0,Ready to move,2024,Furnished,2024-11-05 00:00:00
4639,Goregaon,Villa,2,1310.13,157.95,27207.0,Ready to move,2024,Unfurnished,2024-02-20 00:00:00
7078,Kandivali,Apartment,2,1075.76,110.61,57350.0,Ready to move,2024,Semi-Furnished,2024-04-09 00:00:00
3356,Bandra,Apartment,2,719.78,101.22,39579.0,Ready to move,2024,Furnished,2024-06-03 00:00:00
8280,Andheri,Apartment,2,1178.17,153.8,60280.0,Under construction,2024,Semi-Furnished,2024-07-02 00:00:00
316,Vikhroli,Villa,2,992.21,143.72,47500.0,Ready to move,2024,Furnished,2024-10-11 00:00:00
6729,Kandivali,Apartment,3,832.47,169.6,40298.0,Ready to move,2025,Semi-Furnished,2024-05-27 00:00:00
9496,Powai,Apartment,1,790.09,208.98,63542.0,Ready to move,2024,Furnished,2024-03-22 00:00:00
4068,Vikhroli,Villa,1,823.78,119.16,60269.0,Ready to move,2025,Unfurnished,2024-03-25 00:00:00
246,Goregaon,Apartment,2,782.02,136.9,76823.0,Ready to move,2024,Unfurnished,2024-04-25 00:00:00
253,Dadar,Apartment,3,628.02,80.88,43096.0,Ready to move,2024,Semi-Furnished,2024-07-15 00:00:00
1112,Goregaon,Apartment,3,385.83,103.66,55891.0,Ready to move,2024,Unfurnished,2024-03-19 00:00:00
4802,Goregaon,Apartment,2,428.32,97.91,42536.0,Ready to move,2027,Unfurnished,2024-11-29 00:00:00
1714,Bandra,Villa,4,1295.22,124.36,39844.0,Under construction,2026,Furnished,2024-01-29 00:00:00
51,Juhu,Apartment,2,758.39,93.58,41873.0,Ready to move,2025,Semi-Furnished,2024-01-14 00:00:00
1836,Andheri,Villa,3,841.67,98.7,43262.0,Ready to move,2024,Furnished,2024-03-28 00:00:00
7897,Dadar,Villa,1,861.27,82.01,43296.0,Under construction,2025,Furnished,2024-03-10 00:00:00
3384,Borivali,Apartment,1,828.66,79.62,36862.0,Ready to move,2024,Semi-Furnished,2024-05-09 00:00:00
6411,Powai,Studio,1,781.22,128.87,45393.0,Under construction,2024,Semi-Furnished,2024-01-13 00:00:00
4314,Juhu,Apartment,2,859.49,219.83,47054.0,Under construction,2024,Furnished,2024-11-14 00:00:00
873,Powai,Apartment,3,1483.32,141.56,32716.0,Ready to move,2024,Furnished,2024-04-03 00:00:00
1255,Bandra,Villa,1,939.1,112.0,59790.0,Ready to move,2025,Semi-Furnished,2024-10-30 00:00:00
8882,Goregaon,Apartment,1,710.73,177.8,31539.0,Ready to move,2025,Semi-Furnished,2024-11-10 00:00:00
5852,Dadar,Apartment,3,884.88,196.32,37350.0,Ready to move,2024,Unfurnished,2024-05-12 00:00:00
5703,Vikhroli,Apartment,2,806.36,81.88,77010.0,Ready to move,2025,Semi-Furnished,2024-07-15 00:00:00
8104,Dadar,Villa,2,1289.23,123.8,62243.0,Ready to move,2026,Unfurnished,2024-07-29 00:00:00
2099,Malad,Apartment,2,800.58,30.0,38244.0,Ready to move,2024,Furnished,2024-04-21 00:00:00
5129,Powai,Apartment,2,528.75,212.03,26619.0,Ready to move,2024,Furnished,2024-05-24 00:00:00
249,Powai,Apartment,1,557.55,58.06,23755.0,Ready to move,2024,Semi-Furnished,2024-04-01 00:00:00
6562,Bandra,Studio,3,849.11,240.74,51024.0,Under construction,2024,Semi-Furnished,2024-10-31 00:00:00
1340,Bandra,Apartment,2,732.73,149.63,70995.0,Ready to move,2024,Unfurnished,2024-03-20 00:00:00
7018,Andheri,Villa,2,696.47,186.08,51567.0,Ready to move,2024,Semi-Furnished,2024-10-17 00:00:00
2111,Andheri,Apartment,2,1015.33,126.27,53536.0,Ready to move,2027,Semi-Furnished,2024-11-18 00:00:00
1570,Goregaon,Apartment,1,912.59,73.35,36670.0,Ready to move,2025,Semi-Furnished,2024-01-07 00:00:00
1727,Borivali,Apartment,2,465.5,109.16,18219.0,Ready to move,2024,Furnished,2024-01-18 00:00:00
8385,Bandra,Apartment,4,752.11,131.77,36789.0,Under construction,2024,Furnished,2024-08-19 00:00:00
6941,Dadar,Apartment,2,753.85,174.54,30444.0,Ready to move,2027,Semi-Furnished,2024-02-26 00:00:00
4396,Powai,Apartment,2,728.89,165.64,24070.0,Under construction,2025,Furnished,2024-08-08 00:00:00
2421,Vikhroli,Villa,2,767.24,126.98,40632.0,Ready to move,2024,Semi-Furnished,2024-06-27 00:00:00
3046,Bandra,Studio,2,1123.36,194.7,65137.0,Under construction,2026,Semi-Furnished,2024-06-03 00:00:00
5504,Juhu,Apartment,2,570.49,176.04,52377.0,Ready to move,2024,Furnished,2024-03-02 00:00:00
3704,Malad,Studio,2,1285.25,182.96,43470.0,Under construction,2024,Furnished,2024-10-20 00:00:00
8192,Bandra,Apartment,2,769.39,163.09,48691.0,Ready to move,2026,Furnished,2024-12-01 00:00:00
5332,Andheri,Apartment,1,433.04,162.01,40445.0,Under construction,2024,Furnished,2024-07-18 00:00:00
9809,Andheri,Apartment,2,300.0,48.79,45615.0,Ready to move,2025,Furnished,2024-06-09 00:00:00
448,Andheri,Apartment,3,1055.28,137.66,25864.0,Ready to move,2024,Furnished,2024-08-02 00:00:00
7895,Dadar,Apartment,1,1297.8,194.11,51773.0,Ready to move,2024,Furnished,2024-01-31 00:00:00
8729,Vikhroli,Apartment,1,920.84,147.52,54328.0,Ready to move,2024,Semi-Furnished,2024-02-15 00:00:00
7829,Goregaon,Apartment,1,1323.92,185.8,28422.0,Ready to move,2027,Unfurnished,2024-11-12 00:00:00
1769,Andheri,Apartment,3,854.8,246.91,38689.0,Ready to move,2025,Unfurnished,2024-03-05 00:00:00
6809,Malad,Apartment,2,824.8,83.1,54656.0,Ready to move,2024,Semi-Furnished,2024-04-20 00:00:00
4705,Borivali,Apartment,2,1191.89,160.6,44537.0,Ready to move,2025,Semi-Furnished,2024-11-23 00:00:00
3870,Juhu,Apartment,2,300.0,142.05,43133.0,Under construction,2025,Semi-Furnished,2024-09-04 00:00:00
1656,Bandra,Apartment,1,1210.19,212.63,51829.0,Under construction,2025,Semi-Furnished,2024-04-25 00:00:00
3188,Kandivali,Apartment,3,1116.99,139.46,56565.0,Ready to move,2025,Unfurnished,2024-08-19 00:00:00
684,Vikhroli,Apartment,3,896.39,81.64,29991.0,Ready to move,2024,Furnished,2024-01-13 00:00:00
4171,Goregaon,Apartment,2,953.34,127.75,25029.0,Ready to move,2025,Furnished,2024-08-31 00:00:00
4478,Borivali,Studio,2,1134.75,284.66,33913.0,Ready to move,2027,Unfurnished,2024-06-22 00:00:00
462,Andheri,Apartment,3,704.08,171.29,47792.0,Ready to move,2024,Semi-Furnished,2024-07-06 00:00:00
5765,Vikhroli,Villa,3,754.59,129.93,54460.0,Ready to move,2024,Semi-Furnished,2024-08-20 00:00:00
7523,Borivali,Apartment,3,1035.91,140.38,74437.0,Ready to move,2025,Semi-Furnished,2024-09-28 00:00:00
4503,Juhu,Apartment,3,1011.66,135.68,51996.0,Ready to move,2024,Semi-Furnished,2024-01-14 00:00:00
9710,Goregaon,Apartment,2,905.9,160.7,35917.0,Under construction,2025,Unfurnished,2024-07-04 00:00:00
319,Goregaon,Apartment,3,714.96,56.89,50680.0,Ready to move,2024,Semi-Furnished,2024-06-05 00:00:00
1146,Powai,Apartment,2,987.71,229.8,45368.0,Ready to move,2024,Semi-Furnished,2024-06-10 00:00:00
5095,Dadar,Apartment,1,902.95,190.4,53480.0,Ready to move,2026,Semi-Furnished,2024-05-01 00:00:00
1394,Bandra,Apartment,2,876.17,240.31,32911.0,Ready to move,2024,Furnished,2024-11-13 00:00:00
6624,Dadar,Apartment,3,904.85,227.61,51248.0,Ready to move,2027,Semi-Furnished,2024-02-13 00:00:00
1502,Powai,Apartment,4,607.22,162.22,48118.0,Ready to move,2024,Semi-Furnished,2024-08-20 00:00:00
6409,Goregaon,Apartment,1,584.24,211.74,58718.0,Under construction,2025,Semi-Furnished,2024-09-28 00:00:00
377,Powai,Villa,3,994.52,230.32,52656.0,Ready to move,2027,Semi-Furnished,2024-10-01 00:00:00
411,Dadar,Apartment,1,1487.0,218.09,36402.0,Ready to move,2025,Furnished,2024-11-15 00:00:00
1661,Vikhroli,Apartment,2,1191.76,217.3,57865.0,Ready to move,2024,Semi-Furnished,2024-10-03 00:00:00
3152,Andheri,Apartment,1,794.57,178.78,59690.0,Ready to move,2024,Furnished,2024-10-22 00:00:00
1624,Dadar,Apartment,1,892.83,271.18,47542.0,Ready to move,2025,Semi-Furnished,2024-08-19 00:00:00
5610,Andheri,Apartment,2,638.35,233.32,50983.0,Ready to move,2025,Unfurnished,2024-11-01 00:00:00
8533,Dadar,Apartment,2,727.28,288.78,39268.0,Ready to move,2025,Furnished,2024-12-27 00:00:00
5803,Juhu,Villa,2,866.51,145.21,30403.0,Under construction,2024,Furnished,2024-05-30 00:00:00
5307,Dadar,Apartment,1,897.33,178.62,61731.0,Ready to move,2027,Semi-Furnished,2024-11-09 00:00:00
7087,Vikhroli,Apartment,4,403.23,33.28,67818.0,Ready to move,2026,Semi-Furnished,2024-01-06 00:00:00
8898,Goregaon,Apartment,1,395.09,80.54,43742.0,Ready to move,2025,Semi-Furnished,2024-07-02 00:00:00
7489,Dadar,Apartment,1,520.15,167.26,29625.0,Ready to move,2024,Furnished,2024-08-21 00:00:00
9616,Goregaon,Apartment,2,623.91,86.98,23632.0,Under construction,2024,Semi-Furnished,2024-02-01 00:00:00
9218,Borivali,Studio,4,696.99,152.84,46813.0,Under construction,2024,Furnished,2024-06-16 00:00:00
1673,Juhu,Apartment,2,563.49,172.94,30631.0,Ready to move,2024,Semi-Furnished,2024-05-09 00:00:00
2359,Bandra,Apartment,2,1053.98,202.26,31479.0,Ready to move,2024,Unfurnished,2024-08-20 00:00:00
8468,Dadar,Villa,2,1256.75,192.78,26403.0,Ready to move,2024,Semi-Furnished,2024-09-08 00:00:00
275,Juhu,Apartment,1,725.84,188.6,63092.0,Ready to move,2024,Semi-Furnished,2024-01-18 00:00:00
2474,Andheri,Studio,2,522.78,111.11,70908.0,Ready to move,2024,Unfurnished,2024-10-24 00:00:00
5490,Bandra,Apartment,3,1172.3,173.92,57141.0,Ready to move,2024,Semi-Furnished,2024-09-15 00:00:00
4772,Malad,Apartment,1,783.77,144.16,25152.0,Under construction,2026,Unfurnished,2024-11-30 00:00:00
2108,Borivali,Apartment,2,1083.29,161.05,57876.0,Under construction,2025,Furnished,2024-01-03 00:00:00
7501,Malad,Apartment,1,710.43,205.12,45965.0,Ready to move,2025,Furnished,2024-08-27 00:00:00
4415,Powai,Apartment,1,841.63,198.21,64101.0,Ready to move,2024,Semi-Furnished,2024-04-30 00:00:00
8139,Dadar,Apartment,2,738.58,206.77,38072.0,Ready to move,2024,Furnished,2024-05-14 00:00:00
8661,Goregaon,Apartment,1,766.48,195.19,52015.0,Under construction,2024,Semi-Furnished,2024-10-31 00:00:00
8240,Bandra,Apartment,2,459.32,86.36,38661.0,Ready to move,2025,Semi-Furnished,2024-08-11 00:00:00
2418,Powai,Studio,2,672.77,253.88,65076.0,Ready to move,2024,Semi-Furnished,2024-10-26 00:00:00
8772,Kandivali,Studio,1,1059.96,200.16,46280.0,Ready to move,2025,Furnished,2024-11-19 00:00:00
2237,Powai,Villa,3,817.26,156.52,34396.0,Under construction,2026,Furnished,2024-03-02 00:00:00
3768,Juhu,Apartment,2,1078.02,143.47,40250.0,Ready to move,2024,Furnished,2024-11-29 00:00:00
9792,Dadar,Villa,2,1452.86,193.68,34271.0,Ready to move,2024,Semi-Furnished,2024-09-01 00:00:00
9990,Powai,Studio,1,822.27,144.44,70637.0,Ready to move,2025,Furnished,2024-11-18 00:00:00
9966,Vikhroli,Villa,3,1049.63,104.31,29069.0,Ready to move,2025,Unfurnished,2024-10-20 00:00:00
7324,Juhu,Apartment,2,1085.66,117.95,50000.0,Ready to move,2024,Unfurnished,2024-02-25 00:00:00
1384,Kandivali,Apartment,2,1215.05,183.09,12384.0,Ready to move,2025,Furnished,2024-05-01 00:00:00
3102,Juhu,Studio,1,1233.01,140.55,10000.0,Ready to move,2025,Furnished,2024-08-30 00:00:00
3922,Juhu,Apartment,1,757.21,176.71,64886.0,Ready to move,2025,Semi-Furnished,2024-02-12 00:00:00
6686,Bandra,Villa,1,758.54,156.94,52418.0,Ready to move,2024,Furnished,2024-10-07 00:00:00
3195,Bandra,Apartment,2,679.9,177.56,45161.0,Ready to move,2025,Semi-Furnished,2024-12-16 00:00:00
1942,Dadar,Studio,1,1198.53,48.54,41495.0,Under construction,2025,Furnished,2024-09-25 00:00:00
7714,Borivali,Villa,1,878.1,158.87,38724.0,Ready to move,2024,Furnished,2024-05-29 00:00:00
